-- phpMyAdmin SQL Dump
-- version 4.5.1
-- http://www.phpmyadmin.net
--
-- Host: 127.0.0.1
-- Generation Time: Apr 23, 2018 at 06:09 AM
-- Server version: 10.1.16-MariaDB
-- PHP Version: 5.5.38

SET SQL_MODE = "NO_AUTO_VALUE_ON_ZERO";
SET time_zone = "+00:00";


/*!40101 SET @OLD_CHARACTER_SET_CLIENT=@@CHARACTER_SET_CLIENT */;
/*!40101 SET @OLD_CHARACTER_SET_RESULTS=@@CHARACTER_SET_RESULTS */;
/*!40101 SET @OLD_COLLATION_CONNECTION=@@COLLATION_CONNECTION */;
/*!40101 SET NAMES utf8mb4 */;

--
-- Database: `nyanggar`
--

-- --------------------------------------------------------

--
-- Table structure for table `admin`
--

CREATE TABLE `admin` (
  `id_admin` int(3) NOT NULL,
  `nama_lengkap` varchar(20) NOT NULL,
  `email` varchar(30) NOT NULL,
  `no_hp` varchar(20) NOT NULL,
  `alamat` text NOT NULL,
  `username` varchar(30) NOT NULL,
  `password` varchar(35) NOT NULL
) ENGINE=InnoDB DEFAULT CHARSET=latin1;

--
-- Dumping data for table `admin`
--

INSERT INTO `admin` (`id_admin`, `nama_lengkap`, `email`, `no_hp`, `alamat`, `username`, `password`) VALUES
(2, 'minhaj', 'kfk@krk.frgk', '929', '            jdj          \r\n                  ', 'jjd', '2ae340ff560506f91998lestari'),
(3, 'jfje', 'jdj@kk.fjf', '233', 'kdkd          \r\n        ', 'kdkd', '5fdc0d0eaab7c20ceefclestari'),
(4, 'jdejdej', 'jdj@kfkr.rkfkf', '92929', 'djdjd          \r\n        ', 'jdjd', '37d02a2d3d63e5c01db7lestari'),
(6, 'Moh Minhajul Mubarok', 'minhajulmubarok@gmail.com', '085726772962', 'Rembang            ooo          \r\n                  ', 'minhaj', '7f94dd413148ff9ac9e9lestari'),
(7, 'minhajul', 'mmm@kk.rgr', '939', 'jfj          \r\n        ', 'admin', '01c5bad43beea30a2ac0lestari'),
(8, 'Barok', 'mdm@krk.rkgk', '939', 'jdj          \r\n        ', 'admin', '21232f297a57a5a74389lestari');

-- --------------------------------------------------------

--
-- Table structure for table `districts`
--

CREATE TABLE `districts` (
  `id` char(7) COLLATE utf8_unicode_ci NOT NULL,
  `regency_id` char(4) COLLATE utf8_unicode_ci NOT NULL,
  `name` varchar(255) COLLATE utf8_unicode_ci NOT NULL
) ENGINE=InnoDB DEFAULT CHARSET=utf8 COLLATE=utf8_unicode_ci;

--
-- Dumping data for table `districts`
--

INSERT INTO `districts` (`id`, `regency_id`, `name`) VALUES
('3101010', '3101', 'KEPULAUAN SERIBU SELATAN'),
('3101020', '3101', 'KEPULAUAN SERIBU UTARA'),
('3171010', '3171', 'JAGAKARSA'),
('3171020', '3171', 'PASAR MINGGU'),
('3171030', '3171', 'CILANDAK'),
('3171040', '3171', 'PESANGGRAHAN'),
('3171050', '3171', 'KEBAYORAN LAMA'),
('3171060', '3171', 'KEBAYORAN BARU'),
('3171070', '3171', 'MAMPANG PRAPATAN'),
('3171080', '3171', 'PANCORAN'),
('3171090', '3171', 'TEBET'),
('3171100', '3171', 'SETIA BUDI'),
('3172010', '3172', 'PASAR REBO'),
('3172020', '3172', 'CIRACAS'),
('3172030', '3172', 'CIPAYUNG'),
('3172040', '3172', 'MAKASAR'),
('3172050', '3172', 'KRAMAT JATI'),
('3172060', '3172', 'JATINEGARA'),
('3172070', '3172', 'DUREN SAWIT'),
('3172080', '3172', 'CAKUNG'),
('3172090', '3172', 'PULO GADUNG'),
('3172100', '3172', 'MATRAMAN'),
('3173010', '3173', 'TANAH ABANG'),
('3173020', '3173', 'MENTENG'),
('3173030', '3173', 'SENEN'),
('3173040', '3173', 'JOHAR BARU'),
('3173050', '3173', 'CEMPAKA PUTIH'),
('3173060', '3173', 'KEMAYORAN'),
('3173070', '3173', 'SAWAH BESAR'),
('3173080', '3173', 'GAMBIR'),
('3174010', '3174', 'KEMBANGAN'),
('3174020', '3174', 'KEBON JERUK'),
('3174030', '3174', 'PALMERAH'),
('3174040', '3174', 'GROGOL PETAMBURAN'),
('3174050', '3174', 'TAMBORA'),
('3174060', '3174', 'TAMAN SARI'),
('3174070', '3174', 'CENGKARENG'),
('3174080', '3174', 'KALI DERES'),
('3175010', '3175', 'PENJARINGAN'),
('3175020', '3175', 'PADEMANGAN'),
('3175030', '3175', 'TANJUNG PRIOK'),
('3175040', '3175', 'KOJA'),
('3175050', '3175', 'KELAPA GADING'),
('3175060', '3175', 'CILINCING'),
('3301010', '3301', 'DAYEUHLUHUR'),
('3301020', '3301', 'WANAREJA'),
('3301030', '3301', 'MAJENANG'),
('3301040', '3301', 'CIMANGGU'),
('3301050', '3301', 'KARANGPUCUNG'),
('3301060', '3301', 'CIPARI'),
('3301070', '3301', 'SIDAREJA'),
('3301080', '3301', 'KEDUNGREJA'),
('3301090', '3301', 'PATIMUAN'),
('3301100', '3301', 'GANDRUNGMANGU'),
('3301110', '3301', 'BANTARSARI'),
('3301120', '3301', 'KAWUNGANTEN'),
('3301121', '3301', 'KAMPUNG LAUT'),
('3301130', '3301', 'JERUKLEGI'),
('3301140', '3301', 'KESUGIHAN'),
('3301150', '3301', 'ADIPALA'),
('3301160', '3301', 'MAOS'),
('3301170', '3301', 'SAMPANG'),
('3301180', '3301', 'KROYA'),
('3301190', '3301', 'BINANGUN'),
('3301200', '3301', 'NUSAWUNGU'),
('3301710', '3301', 'CILACAP SELATAN'),
('3301720', '3301', 'CILACAP TENGAH'),
('3301730', '3301', 'CILACAP UTARA'),
('3302010', '3302', 'LUMBIR'),
('3302020', '3302', 'WANGON'),
('3302030', '3302', 'JATILAWANG'),
('3302040', '3302', 'RAWALO'),
('3302050', '3302', 'KEBASEN'),
('3302060', '3302', 'KEMRANJEN'),
('3302070', '3302', 'SUMPIUH'),
('3302080', '3302', 'TAMBAK'),
('3302090', '3302', 'SOMAGEDE'),
('3302100', '3302', 'KALIBAGOR'),
('3302110', '3302', 'BANYUMAS'),
('3302120', '3302', 'PATIKRAJA'),
('3302130', '3302', 'PURWOJATI'),
('3302140', '3302', 'AJIBARANG'),
('3302150', '3302', 'GUMELAR'),
('3302160', '3302', 'PEKUNCEN'),
('3302170', '3302', 'CILONGOK'),
('3302180', '3302', 'KARANGLEWAS'),
('3302190', '3302', 'KEDUNG BANTENG'),
('3302200', '3302', 'BATURRADEN'),
('3302210', '3302', 'SUMBANG'),
('3302220', '3302', 'KEMBARAN'),
('3302230', '3302', 'SOKARAJA'),
('3302710', '3302', 'PURWOKERTO SELATAN'),
('3302720', '3302', 'PURWOKERTO BARAT'),
('3302730', '3302', 'PURWOKERTO TIMUR'),
('3302740', '3302', 'PURWOKERTO UTARA'),
('3303010', '3303', 'KEMANGKON'),
('3303020', '3303', 'BUKATEJA'),
('3303030', '3303', 'KEJOBONG'),
('3303040', '3303', 'PENGADEGAN'),
('3303050', '3303', 'KALIGONDANG'),
('3303060', '3303', 'PURBALINGGA'),
('3303070', '3303', 'KALIMANAH'),
('3303080', '3303', 'PADAMARA'),
('3303090', '3303', 'KUTASARI'),
('3303100', '3303', 'BOJONGSARI'),
('3303110', '3303', 'MREBET'),
('3303120', '3303', 'BOBOTSARI'),
('3303130', '3303', 'KARANGREJA'),
('3303131', '3303', 'KARANGJAMBU'),
('3303140', '3303', 'KARANGANYAR'),
('3303141', '3303', 'KERTANEGARA'),
('3303150', '3303', 'KARANGMONCOL'),
('3303160', '3303', 'REMBANG'),
('3304010', '3304', 'SUSUKAN'),
('3304020', '3304', 'PURWAREJA KLAMPOK'),
('3304030', '3304', 'MANDIRAJA'),
('3304040', '3304', 'PURWANEGARA'),
('3304050', '3304', 'BAWANG'),
('3304060', '3304', 'BANJARNEGARA'),
('3304061', '3304', 'PAGEDONGAN'),
('3304070', '3304', 'SIGALUH'),
('3304080', '3304', 'MADUKARA'),
('3304090', '3304', 'BANJARMANGU'),
('3304100', '3304', 'WANADADI'),
('3304110', '3304', 'RAKIT'),
('3304120', '3304', 'PUNGGELAN'),
('3304130', '3304', 'KARANGKOBAR'),
('3304140', '3304', 'PAGENTAN'),
('3304150', '3304', 'PEJAWARAN'),
('3304160', '3304', 'BATUR'),
('3304170', '3304', 'WANAYASA'),
('3304180', '3304', 'KALIBENING'),
('3304181', '3304', 'PANDANARUM'),
('3305010', '3305', 'AYAH'),
('3305020', '3305', 'BUAYAN'),
('3305030', '3305', 'PURING'),
('3305040', '3305', 'PETANAHAN'),
('3305050', '3305', 'KLIRONG'),
('3305060', '3305', 'BULUSPESANTREN'),
('3305070', '3305', 'AMBAL'),
('3305080', '3305', 'MIRIT'),
('3305081', '3305', 'BONOROWO'),
('3305090', '3305', 'PREMBUN'),
('3305091', '3305', 'PADURESO'),
('3305100', '3305', 'KUTOWINANGUN'),
('3305110', '3305', 'ALIAN'),
('3305111', '3305', 'PONCOWARNO'),
('3305120', '3305', 'KEBUMEN'),
('3305130', '3305', 'PEJAGOAN'),
('3305140', '3305', 'SRUWENG'),
('3305150', '3305', 'ADIMULYO'),
('3305160', '3305', 'KUWARASAN'),
('3305170', '3305', 'ROWOKELE'),
('3305180', '3305', 'SEMPOR'),
('3305190', '3305', 'GOMBONG'),
('3305200', '3305', 'KARANGANYAR'),
('3305210', '3305', 'KARANGGAYAM'),
('3305220', '3305', 'SADANG'),
('3305221', '3305', 'KARANGSAMBUNG'),
('3306010', '3306', 'GRABAG'),
('3306020', '3306', 'NGOMBOL'),
('3306030', '3306', 'PURWODADI'),
('3306040', '3306', 'BAGELEN'),
('3306050', '3306', 'KALIGESING'),
('3306060', '3306', 'PURWOREJO'),
('3306070', '3306', 'BANYU URIP'),
('3306080', '3306', 'BAYAN'),
('3306090', '3306', 'KUTOARJO'),
('3306100', '3306', 'BUTUH'),
('3306110', '3306', 'PITURUH'),
('3306120', '3306', 'KEMIRI'),
('3306130', '3306', 'BRUNO'),
('3306140', '3306', 'GEBANG'),
('3306150', '3306', 'LOANO'),
('3306160', '3306', 'BENER'),
('3307010', '3307', 'WADASLINTANG'),
('3307020', '3307', 'KEPIL'),
('3307030', '3307', 'SAPURAN'),
('3307031', '3307', 'KALIBAWANG'),
('3307040', '3307', 'KALIWIRO'),
('3307050', '3307', 'LEKSONO'),
('3307051', '3307', 'SUKOHARJO'),
('3307060', '3307', 'SELOMERTO'),
('3307070', '3307', 'KALIKAJAR'),
('3307080', '3307', 'KERTEK'),
('3307090', '3307', 'WONOSOBO'),
('3307100', '3307', 'WATUMALANG'),
('3307110', '3307', 'MOJOTENGAH'),
('3307120', '3307', 'GARUNG'),
('3307130', '3307', 'KEJAJAR'),
('3308010', '3308', 'SALAMAN'),
('3308020', '3308', 'BOROBUDUR'),
('3308030', '3308', 'NGLUWAR'),
('3308040', '3308', 'SALAM'),
('3308050', '3308', 'SRUMBUNG'),
('3308060', '3308', 'DUKUN'),
('3308070', '3308', 'MUNTILAN'),
('3308080', '3308', 'MUNGKID'),
('3308090', '3308', 'SAWANGAN'),
('3308100', '3308', 'CANDIMULYO'),
('3308110', '3308', 'MERTOYUDAN'),
('3308120', '3308', 'TEMPURAN'),
('3308130', '3308', 'KAJORAN'),
('3308140', '3308', 'KALIANGKRIK'),
('3308150', '3308', 'BANDONGAN'),
('3308160', '3308', 'WINDUSARI'),
('3308170', '3308', 'SECANG'),
('3308180', '3308', 'TEGALREJO'),
('3308190', '3308', 'PAKIS'),
('3308200', '3308', 'GRABAG'),
('3308210', '3308', 'NGABLAK'),
('3309010', '3309', 'SELO'),
('3309020', '3309', 'AMPEL'),
('3309030', '3309', 'CEPOGO'),
('3309040', '3309', 'MUSUK'),
('3309050', '3309', 'BOYOLALI'),
('3309060', '3309', 'MOJOSONGO'),
('3309070', '3309', 'TERAS'),
('3309080', '3309', 'SAWIT'),
('3309090', '3309', 'BANYUDONO'),
('3309100', '3309', 'SAMBI'),
('3309110', '3309', 'NGEMPLAK'),
('3309120', '3309', 'NOGOSARI'),
('3309130', '3309', 'SIMO'),
('3309140', '3309', 'KARANGGEDE'),
('3309150', '3309', 'KLEGO'),
('3309160', '3309', 'ANDONG'),
('3309170', '3309', 'KEMUSU'),
('3309180', '3309', 'WONOSEGORO'),
('3309190', '3309', 'JUWANGI'),
('3310010', '3310', 'PRAMBANAN'),
('3310020', '3310', 'GANTIWARNO'),
('3310030', '3310', 'WEDI'),
('3310040', '3310', 'BAYAT'),
('3310050', '3310', 'CAWAS'),
('3310060', '3310', 'TRUCUK'),
('3310070', '3310', 'KALIKOTES'),
('3310080', '3310', 'KEBONARUM'),
('3310090', '3310', 'JOGONALAN'),
('3310100', '3310', 'MANISRENGGO'),
('3310110', '3310', 'KARANGNONGKO'),
('3310120', '3310', 'NGAWEN'),
('3310130', '3310', 'CEPER'),
('3310140', '3310', 'PEDAN'),
('3310150', '3310', 'KARANGDOWO'),
('3310160', '3310', 'JUWIRING'),
('3310170', '3310', 'WONOSARI'),
('3310180', '3310', 'DELANGGU'),
('3310190', '3310', 'POLANHARJO'),
('3310200', '3310', 'KARANGANOM'),
('3310210', '3310', 'TULUNG'),
('3310220', '3310', 'JATINOM'),
('3310230', '3310', 'KEMALANG'),
('3310710', '3310', 'KLATEN SELATAN'),
('3310720', '3310', 'KLATEN TENGAH'),
('3310730', '3310', 'KLATEN UTARA'),
('3311010', '3311', 'WERU'),
('3311020', '3311', 'BULU'),
('3311030', '3311', 'TAWANGSARI'),
('3311040', '3311', 'SUKOHARJO'),
('3311050', '3311', 'NGUTER'),
('3311060', '3311', 'BENDOSARI'),
('3311070', '3311', 'POLOKARTO'),
('3311080', '3311', 'MOJOLABAN'),
('3311090', '3311', 'GROGOL'),
('3311100', '3311', 'BAKI'),
('3311110', '3311', 'GATAK'),
('3311120', '3311', 'KARTASURA'),
('3312010', '3312', 'PRACIMANTORO'),
('3312020', '3312', 'PARANGGUPITO'),
('3312030', '3312', 'GIRITONTRO'),
('3312040', '3312', 'GIRIWOYO'),
('3312050', '3312', 'BATUWARNO'),
('3312060', '3312', 'KARANGTENGAH'),
('3312070', '3312', 'TIRTOMOYO'),
('3312080', '3312', 'NGUNTORONADI'),
('3312090', '3312', 'BATURETNO'),
('3312100', '3312', 'EROMOKO'),
('3312110', '3312', 'WURYANTORO'),
('3312120', '3312', 'MANYARAN'),
('3312130', '3312', 'SELOGIRI'),
('3312140', '3312', 'WONOGIRI'),
('3312150', '3312', 'NGADIROJO'),
('3312160', '3312', 'SIDOHARJO'),
('3312170', '3312', 'JATIROTO'),
('3312180', '3312', 'KISMANTORO'),
('3312190', '3312', 'PURWANTORO'),
('3312200', '3312', 'BULUKERTO'),
('3312201', '3312', 'PUHPELEM'),
('3312210', '3312', 'SLOGOHIMO'),
('3312220', '3312', 'JATISRONO'),
('3312230', '3312', 'JATIPURNO'),
('3312240', '3312', 'GIRIMARTO'),
('3313010', '3313', 'JATIPURO'),
('3313020', '3313', 'JATIYOSO'),
('3313030', '3313', 'JUMAPOLO'),
('3313040', '3313', 'JUMANTONO'),
('3313050', '3313', 'MATESIH'),
('3313060', '3313', 'TAWANGMANGU'),
('3313070', '3313', 'NGARGOYOSO'),
('3313080', '3313', 'KARANGPANDAN'),
('3313090', '3313', 'KARANGANYAR'),
('3313100', '3313', 'TASIKMADU'),
('3313110', '3313', 'JATEN'),
('3313120', '3313', 'COLOMADU'),
('3313130', '3313', 'GONDANGREJO'),
('3313140', '3313', 'KEBAKKRAMAT'),
('3313150', '3313', 'MOJOGEDANG'),
('3313160', '3313', 'KERJO'),
('3313170', '3313', 'JENAWI'),
('3314010', '3314', 'KALIJAMBE'),
('3314020', '3314', 'PLUPUH'),
('3314030', '3314', 'MASARAN'),
('3314040', '3314', 'KEDAWUNG'),
('3314050', '3314', 'SAMBIREJO'),
('3314060', '3314', 'GONDANG'),
('3314070', '3314', 'SAMBUNG MACAN'),
('3314080', '3314', 'NGRAMPAL'),
('3314090', '3314', 'KARANGMALANG'),
('3314100', '3314', 'SRAGEN'),
('3314110', '3314', 'SIDOHARJO'),
('3314120', '3314', 'TANON'),
('3314130', '3314', 'GEMOLONG'),
('3314140', '3314', 'MIRI'),
('3314150', '3314', 'SUMBERLAWANG'),
('3314160', '3314', 'MONDOKAN'),
('3314170', '3314', 'SUKODONO'),
('3314180', '3314', 'GESI'),
('3314190', '3314', 'TANGEN'),
('3314200', '3314', 'JENAR'),
('3315010', '3315', 'KEDUNGJATI'),
('3315020', '3315', 'KARANGRAYUNG'),
('3315030', '3315', 'PENAWANGAN'),
('3315040', '3315', 'TOROH'),
('3315050', '3315', 'GEYER'),
('3315060', '3315', 'PULOKULON'),
('3315070', '3315', 'KRADENAN'),
('3315080', '3315', 'GABUS'),
('3315090', '3315', 'NGARINGAN'),
('3315100', '3315', 'WIROSARI'),
('3315110', '3315', 'TAWANGHARJO'),
('3315120', '3315', 'GROBOGAN'),
('3315130', '3315', 'PURWODADI'),
('3315140', '3315', 'BRATI'),
('3315150', '3315', 'KLAMBU'),
('3315160', '3315', 'GODONG'),
('3315170', '3315', 'GUBUG'),
('3315180', '3315', 'TEGOWANU'),
('3315190', '3315', 'TANGGUNGHARJO'),
('3316010', '3316', 'JATI'),
('3316020', '3316', 'RANDUBLATUNG'),
('3316030', '3316', 'KRADENAN'),
('3316040', '3316', 'KEDUNGTUBAN'),
('3316050', '3316', 'CEPU'),
('3316060', '3316', 'SAMBONG'),
('3316070', '3316', 'JIKEN'),
('3316080', '3316', 'BOGOREJO'),
('3316090', '3316', 'JEPON'),
('3316100', '3316', 'KOTA BLORA'),
('3316110', '3316', 'BANJAREJO'),
('3316120', '3316', 'TUNJUNGAN'),
('3316130', '3316', 'JAPAH'),
('3316140', '3316', 'NGAWEN'),
('3316150', '3316', 'KUNDURAN'),
('3316160', '3316', 'TODANAN'),
('3317010', '3317', 'SUMBER'),
('3317020', '3317', 'BULU'),
('3317030', '3317', 'GUNEM'),
('3317040', '3317', 'SALE'),
('3317050', '3317', 'SARANG'),
('3317060', '3317', 'SEDAN'),
('3317070', '3317', 'PAMOTAN'),
('3317080', '3317', 'SULANG'),
('3317090', '3317', 'KALIORI'),
('3317100', '3317', 'REMBANG'),
('3317110', '3317', 'PANCUR'),
('3317120', '3317', 'KRAGAN'),
('3317130', '3317', 'SLUKE'),
('3317140', '3317', 'LASEM'),
('3318010', '3318', 'SUKOLILO'),
('3318020', '3318', 'KAYEN'),
('3318030', '3318', 'TAMBAKROMO'),
('3318040', '3318', 'WINONG'),
('3318050', '3318', 'PUCAKWANGI'),
('3318060', '3318', 'JAKEN'),
('3318070', '3318', 'BATANGAN'),
('3318080', '3318', 'JUWANA'),
('3318090', '3318', 'JAKENAN'),
('3318100', '3318', 'PATI'),
('3318110', '3318', 'GABUS'),
('3318120', '3318', 'MARGOREJO'),
('3318130', '3318', 'GEMBONG'),
('3318140', '3318', 'TLOGOWUNGU'),
('3318150', '3318', 'WEDARIJAKSA'),
('3318160', '3318', 'TRANGKIL'),
('3318170', '3318', 'MARGOYOSO'),
('3318180', '3318', 'GUNUNG WUNGKAL'),
('3318190', '3318', 'CLUWAK'),
('3318200', '3318', 'TAYU'),
('3318210', '3318', 'DUKUHSETI'),
('3319010', '3319', 'KALIWUNGU'),
('3319020', '3319', 'KOTA KUDUS'),
('3319030', '3319', 'JATI'),
('3319040', '3319', 'UNDAAN'),
('3319050', '3319', 'MEJOBO'),
('3319060', '3319', 'JEKULO'),
('3319070', '3319', 'BAE'),
('3319080', '3319', 'GEBOG'),
('3319090', '3319', 'DAWE'),
('3320010', '3320', 'KEDUNG'),
('3320020', '3320', 'PECANGAAN'),
('3320021', '3320', 'KALINYAMATAN'),
('3320030', '3320', 'WELAHAN'),
('3320040', '3320', 'MAYONG'),
('3320050', '3320', 'NALUMSARI'),
('3320060', '3320', 'BATEALIT'),
('3320070', '3320', 'TAHUNAN'),
('3320080', '3320', 'JEPARA'),
('3320090', '3320', 'MLONGGO'),
('3320091', '3320', 'PAKIS AJI'),
('3320100', '3320', 'BANGSRI'),
('3320101', '3320', 'KEMBANG'),
('3320110', '3320', 'KELING'),
('3320111', '3320', 'DONOROJO'),
('3320120', '3320', 'KARIMUNJAWA'),
('3321010', '3321', 'MRANGGEN'),
('3321020', '3321', 'KARANGAWEN'),
('3321030', '3321', 'GUNTUR'),
('3321040', '3321', 'SAYUNG'),
('3321050', '3321', 'KARANG TENGAH'),
('3321060', '3321', 'BONANG'),
('3321070', '3321', 'DEMAK'),
('3321080', '3321', 'WONOSALAM'),
('3321090', '3321', 'DEMPET'),
('3321091', '3321', 'KEBONAGUNG'),
('3321100', '3321', 'GAJAH'),
('3321110', '3321', 'KARANGANYAR'),
('3321120', '3321', 'MIJEN'),
('3321130', '3321', 'WEDUNG'),
('3322010', '3322', 'GETASAN'),
('3322020', '3322', 'TENGARAN'),
('3322030', '3322', 'SUSUKAN'),
('3322031', '3322', 'KALIWUNGU'),
('3322040', '3322', 'SURUH'),
('3322050', '3322', 'PABELAN'),
('3322060', '3322', 'TUNTANG'),
('3322070', '3322', 'BANYUBIRU'),
('3322080', '3322', 'JAMBU'),
('3322090', '3322', 'SUMOWONO'),
('3322100', '3322', 'AMBARAWA'),
('3322101', '3322', 'BANDUNGAN'),
('3322110', '3322', 'BAWEN'),
('3322120', '3322', 'BRINGIN'),
('3322121', '3322', 'BANCAK'),
('3322130', '3322', 'PRINGAPUS'),
('3322140', '3322', 'BERGAS'),
('3322151', '3322', 'UNGARAN BARAT'),
('3322152', '3322', 'UNGARAN TIMUR'),
('3323010', '3323', 'PARAKAN'),
('3323011', '3323', 'KLEDUNG'),
('3323012', '3323', 'BANSARI'),
('3323020', '3323', 'BULU'),
('3323030', '3323', 'TEMANGGUNG'),
('3323031', '3323', 'TLOGOMULYO'),
('3323040', '3323', 'TEMBARAK'),
('3323041', '3323', 'SELOPAMPANG'),
('3323050', '3323', 'KRANGGAN'),
('3323060', '3323', 'PRINGSURAT'),
('3323070', '3323', 'KALORAN'),
('3323080', '3323', 'KANDANGAN'),
('3323090', '3323', 'KEDU'),
('3323100', '3323', 'NGADIREJO'),
('3323110', '3323', 'JUMO'),
('3323111', '3323', 'GEMAWANG'),
('3323120', '3323', 'CANDIROTO'),
('3323121', '3323', 'BEJEN'),
('3323130', '3323', 'TRETEP'),
('3323131', '3323', 'WONOBOYO'),
('3324010', '3324', 'PLANTUNGAN'),
('3324020', '3324', 'SUKOREJO'),
('3324030', '3324', 'PAGERRUYUNG'),
('3324040', '3324', 'PATEAN'),
('3324050', '3324', 'SINGOROJO'),
('3324060', '3324', 'LIMBANGAN'),
('3324070', '3324', 'BOJA'),
('3324080', '3324', 'KALIWUNGU'),
('3324081', '3324', 'KALIWUNGU SELATAN'),
('3324090', '3324', 'BRANGSONG'),
('3324100', '3324', 'PEGANDON'),
('3324101', '3324', 'NGAMPEL'),
('3324110', '3324', 'GEMUH'),
('3324111', '3324', 'RINGINARUM'),
('3324120', '3324', 'WELERI'),
('3324130', '3324', 'ROWOSARI'),
('3324140', '3324', 'KANGKUNG'),
('3324150', '3324', 'CEPIRING'),
('3324160', '3324', 'PATEBON'),
('3324170', '3324', 'KOTA KENDAL'),
('3325010', '3325', 'WONOTUNGGAL'),
('3325020', '3325', 'BANDAR'),
('3325030', '3325', 'BLADO'),
('3325040', '3325', 'REBAN'),
('3325050', '3325', 'BAWANG'),
('3325060', '3325', 'TERSONO'),
('3325070', '3325', 'GRINGSING'),
('3325080', '3325', 'LIMPUNG'),
('3325081', '3325', 'BANYUPUTIH'),
('3325090', '3325', 'SUBAH'),
('3325091', '3325', 'PECALUNGAN'),
('3325100', '3325', 'TULIS'),
('3325101', '3325', 'KANDEMAN'),
('3325110', '3325', 'BATANG'),
('3325120', '3325', 'WARUNG ASEM'),
('3326010', '3326', 'KANDANGSERANG'),
('3326020', '3326', 'PANINGGARAN'),
('3326030', '3326', 'LEBAKBARANG'),
('3326040', '3326', 'PETUNGKRIONO'),
('3326050', '3326', 'TALUN'),
('3326060', '3326', 'DORO'),
('3326070', '3326', 'KARANGANYAR'),
('3326080', '3326', 'KAJEN'),
('3326090', '3326', 'KESESI'),
('3326100', '3326', 'SRAGI'),
('3326101', '3326', 'SIWALAN'),
('3326110', '3326', 'BOJONG'),
('3326120', '3326', 'WONOPRINGGO'),
('3326130', '3326', 'KEDUNGWUNI'),
('3326131', '3326', 'KARANGDADAP'),
('3326140', '3326', 'BUARAN'),
('3326150', '3326', 'TIRTO'),
('3326160', '3326', 'WIRADESA'),
('3326161', '3326', 'WONOKERTO'),
('3327010', '3327', 'MOGA'),
('3327011', '3327', 'WARUNGPRING'),
('3327020', '3327', 'PULOSARI'),
('3327030', '3327', 'BELIK'),
('3327040', '3327', 'WATUKUMPUL'),
('3327050', '3327', 'BODEH'),
('3327060', '3327', 'BANTARBOLANG'),
('3327070', '3327', 'RANDUDONGKAL'),
('3327080', '3327', 'PEMALANG'),
('3327090', '3327', 'TAMAN'),
('3327100', '3327', 'PETARUKAN'),
('3327110', '3327', 'AMPELGADING'),
('3327120', '3327', 'COMAL'),
('3327130', '3327', 'ULUJAMI'),
('3328010', '3328', 'MARGASARI'),
('3328020', '3328', 'BUMIJAWA'),
('3328030', '3328', 'BOJONG'),
('3328040', '3328', 'BALAPULANG'),
('3328050', '3328', 'PAGERBARANG'),
('3328060', '3328', 'LEBAKSIU'),
('3328070', '3328', 'JATINEGARA'),
('3328080', '3328', 'KEDUNG BANTENG'),
('3328090', '3328', 'PANGKAH'),
('3328100', '3328', 'SLAWI'),
('3328110', '3328', 'DUKUHWARU'),
('3328120', '3328', 'ADIWERNA'),
('3328130', '3328', 'DUKUHTURI'),
('3328140', '3328', 'TALANG'),
('3328150', '3328', 'TARUB'),
('3328160', '3328', 'KRAMAT'),
('3328170', '3328', 'SURADADI'),
('3328180', '3328', 'WARUREJA'),
('3329010', '3329', 'SALEM'),
('3329020', '3329', 'BANTARKAWUNG'),
('3329030', '3329', 'BUMIAYU'),
('3329040', '3329', 'PAGUYANGAN'),
('3329050', '3329', 'SIRAMPOG'),
('3329060', '3329', 'TONJONG'),
('3329070', '3329', 'LARANGAN'),
('3329080', '3329', 'KETANGGUNGAN'),
('3329090', '3329', 'BANJARHARJO'),
('3329100', '3329', 'LOSARI'),
('3329110', '3329', 'TANJUNG'),
('3329120', '3329', 'KERSANA'),
('3329130', '3329', 'BULAKAMBA'),
('3329140', '3329', 'WANASARI'),
('3329150', '3329', 'SONGGOM'),
('3329160', '3329', 'JATIBARANG'),
('3329170', '3329', 'BREBES'),
('3371010', '3371', 'MAGELANG SELATAN'),
('3371011', '3371', 'MAGELANG TENGAH'),
('3371020', '3371', 'MAGELANG UTARA'),
('3372010', '3372', 'LAWEYAN'),
('3372020', '3372', 'SERENGAN'),
('3372030', '3372', 'PASAR KLIWON'),
('3372040', '3372', 'JEBRES'),
('3372050', '3372', 'BANJARSARI'),
('3373010', '3373', 'ARGOMULYO'),
('3373020', '3373', 'TINGKIR'),
('3373030', '3373', 'SIDOMUKTI'),
('3373040', '3373', 'SIDOREJO'),
('3374010', '3374', 'MIJEN'),
('3374020', '3374', 'GUNUNG PATI'),
('3374030', '3374', 'BANYUMANIK'),
('3374040', '3374', 'GAJAH MUNGKUR'),
('3374050', '3374', 'SEMARANG SELATAN'),
('3374060', '3374', 'CANDISARI'),
('3374070', '3374', 'TEMBALANG'),
('3374080', '3374', 'PEDURUNGAN'),
('3374090', '3374', 'GENUK'),
('3374100', '3374', 'GAYAMSARI'),
('3374110', '3374', 'SEMARANG TIMUR'),
('3374120', '3374', 'SEMARANG UTARA'),
('3374130', '3374', 'SEMARANG TENGAH'),
('3374140', '3374', 'SEMARANG BARAT'),
('3374150', '3374', 'TUGU'),
('3374160', '3374', 'NGALIYAN'),
('3375010', '3375', 'PEKALONGAN BARAT'),
('3375020', '3375', 'PEKALONGAN TIMUR'),
('3375030', '3375', 'PEKALONGAN SELATAN'),
('3375040', '3375', 'PEKALONGAN UTARA'),
('3376010', '3376', 'TEGAL SELATAN'),
('3376020', '3376', 'TEGAL TIMUR'),
('3376030', '3376', 'TEGAL BARAT'),
('3376040', '3376', 'MARGADANA'),
('5101010', '5101', 'MELAYA'),
('5101020', '5101', 'NEGARA'),
('5101021', '5101', 'JEMBRANA'),
('5101030', '5101', 'MENDOYO'),
('5101040', '5101', 'PEKUTATAN'),
('5102010', '5102', 'SELEMADEG'),
('5102011', '5102', 'SELEMADEG TIMUR'),
('5102012', '5102', 'SELEMADEG BARAT'),
('5102020', '5102', 'KERAMBITAN'),
('5102030', '5102', 'TABANAN'),
('5102040', '5102', 'KEDIRI'),
('5102050', '5102', 'MARGA'),
('5102060', '5102', 'BATURITI'),
('5102070', '5102', 'PENEBEL'),
('5102080', '5102', 'PUPUAN'),
('5103010', '5103', 'KUTA SELATAN'),
('5103020', '5103', 'KUTA'),
('5103030', '5103', 'KUTA UTARA'),
('5103040', '5103', 'MENGWI'),
('5103050', '5103', 'ABIANSEMAL'),
('5103060', '5103', 'PETANG'),
('5104010', '5104', 'SUKAWATI'),
('5104020', '5104', 'BLAHBATUH'),
('5104030', '5104', 'GIANYAR'),
('5104040', '5104', 'TAMPAKSIRING'),
('5104050', '5104', 'UBUD'),
('5104060', '5104', 'TEGALLALANG'),
('5104070', '5104', 'PAYANGAN'),
('5105010', '5105', 'NUSAPENIDA'),
('5105020', '5105', 'BANJARANGKAN'),
('5105030', '5105', 'KLUNGKUNG'),
('5105040', '5105', 'DAWAN'),
('5106010', '5106', 'SUSUT'),
('5106020', '5106', 'BANGLI'),
('5106030', '5106', 'TEMBUKU'),
('5106040', '5106', 'KINTAMANI'),
('5107010', '5107', 'RENDANG'),
('5107020', '5107', 'SIDEMEN'),
('5107030', '5107', 'MANGGIS'),
('5107040', '5107', 'KARANGASEM'),
('5107050', '5107', 'ABANG'),
('5107060', '5107', 'BEBANDEM'),
('5107070', '5107', 'SELAT'),
('5107080', '5107', 'KUBU'),
('5108010', '5108', 'GEROKGAK'),
('5108020', '5108', 'SERIRIT'),
('5108030', '5108', 'BUSUNGBIU'),
('5108040', '5108', 'BANJAR'),
('5108050', '5108', 'SUKASADA'),
('5108060', '5108', 'BULELENG'),
('5108070', '5108', 'SAWAN'),
('5108080', '5108', 'KUBUTAMBAHAN'),
('5108090', '5108', 'TEJAKULA'),
('5171010', '5171', 'DENPASAR SELATAN'),
('5171020', '5171', 'DENPASAR TIMUR'),
('5171030', '5171', 'DENPASAR BARAT'),
('5171031', '5171', 'DENPASAR UTARA');

-- --------------------------------------------------------

--
-- Table structure for table `kategori_tari`
--

CREATE TABLE `kategori_tari` (
  `id_kategori_tari` int(2) NOT NULL,
  `nama_kategori` varchar(20) NOT NULL
) ENGINE=InnoDB DEFAULT CHARSET=latin1;

--
-- Dumping data for table `kategori_tari`
--

INSERT INTO `kategori_tari` (`id_kategori_tari`, `nama_kategori`) VALUES
(1, 'Tari Kontemporer'),
(2, 'Tari Kreasi'),
(3, 'Tari Klasik'),
(4, 'Tari Tradisional');

-- --------------------------------------------------------

--
-- Table structure for table `lokasi_mengajar`
--

CREATE TABLE `lokasi_mengajar` (
  `id_lokasi_mengajar` int(10) NOT NULL,
  `id_provinsi` int(10) NOT NULL,
  `id_kabupaten` int(10) NOT NULL,
  `id_kecamatan` int(10) NOT NULL,
  `id_penari` int(10) NOT NULL
) ENGINE=InnoDB DEFAULT CHARSET=latin1;

--
-- Dumping data for table `lokasi_mengajar`
--

INSERT INTO `lokasi_mengajar` (`id_lokasi_mengajar`, `id_provinsi`, `id_kabupaten`, `id_kecamatan`, `id_penari`) VALUES
(1, 51, 5171, 5171010, 34),
(2, 51, 5108, 5108010, 34),
(3, 51, 5107, 5107010, 34),
(4, 51, 5106, 5106010, 34),
(5, 51, 5171, 5171031, 34),
(6, 51, 5171, 5171030, 34),
(7, 51, 5108, 5108060, 34),
(9, 51, 5102, 5102010, 35),
(10, 51, 5103, 5103010, 35),
(11, 51, 5104, 5104010, 35),
(12, 51, 5106, 5106010, 35),
(13, 51, 5105, 5105010, 35),
(14, 51, 5101, 5101010, 35),
(15, 51, 5107, 5107010, 35),
(16, 51, 5171, 5171010, 35),
(17, 31, 3175, 3175010, 36),
(18, 31, 3174, 3174010, 36),
(19, 31, 3173, 3173010, 36),
(20, 31, 3172, 3172010, 36),
(21, 31, 3171, 3171010, 36),
(22, 31, 3101, 3101010, 36),
(23, 31, 3174, 3174060, 36),
(24, 31, 3172, 3172050, 36),
(25, 31, 3174, 3174050, 36),
(26, 31, 3175, 3175010, 37),
(27, 31, 3174, 3174040, 37),
(28, 31, 3173, 3173010, 37),
(29, 31, 3172, 3172010, 37),
(30, 31, 3171, 3171010, 37),
(31, 31, 3172, 3172050, 37),
(32, 31, 3174, 3174010, 37),
(33, 31, 3172, 3172090, 37),
(34, 33, 3302, 3302010, 38),
(35, 33, 3374, 3374020, 38),
(36, 33, 3315, 3315030, 38),
(37, 33, 3310, 3310010, 38),
(38, 33, 3374, 3374090, 38),
(39, 33, 3306, 3306010, 38),
(40, 33, 3374, 3374070, 38),
(41, 33, 3374, 3374140, 38),
(42, 33, 3322, 3322110, 38),
(43, 33, 3374, 3374130, 38),
(44, 33, 3302, 3302010, 39),
(45, 33, 3322, 3322010, 39),
(46, 33, 3374, 3374010, 39),
(47, 33, 3374, 3374020, 39),
(48, 33, 3302, 3302050, 39),
(49, 33, 3374, 3374070, 39),
(50, 33, 3374, 3374020, 40),
(51, 11, 3101, 3101010, 40),
(52, 11, 3101, 3101010, 40),
(53, 11, 3101, 3101020, 40),
(54, 11, 3101, 3171010, 40),
(55, 11, 3101, 3171020, 40),
(56, 11, 3101, 3171030, 40),
(57, 11, 3101, 3171040, 40),
(58, 11, 3101, 3171050, 40),
(59, 11, 3101, 3171060, 40),
(60, 11, 3101, 3171070, 40),
(61, 11, 3101, 3171080, 40),
(62, 11, 3101, 3171090, 40),
(63, 11, 3101, 3171100, 40),
(64, 11, 3101, 3172010, 40),
(65, 11, 3101, 3172020, 40),
(66, 11, 3101, 3172030, 40),
(67, 11, 3101, 3172040, 40),
(68, 11, 3101, 3172050, 40),
(69, 11, 3101, 3172060, 40),
(70, 11, 3101, 3172070, 40),
(71, 11, 3101, 3172080, 40),
(72, 11, 3101, 3172090, 40),
(73, 11, 3101, 3172100, 40),
(74, 11, 3101, 3173010, 40),
(75, 11, 3101, 3173020, 40),
(76, 11, 3101, 3173030, 40),
(77, 11, 3101, 3173040, 40),
(78, 11, 3101, 3173050, 40),
(79, 11, 3101, 3173060, 40),
(80, 11, 3101, 3173070, 40),
(81, 11, 3101, 3173080, 40),
(82, 11, 3101, 3174010, 40),
(83, 11, 3101, 3174020, 40),
(84, 11, 3101, 3174030, 40),
(85, 11, 3101, 3174040, 40),
(86, 11, 3101, 3174050, 40),
(87, 11, 3101, 3174060, 40),
(88, 11, 3101, 3174070, 40),
(89, 11, 3101, 3174080, 40),
(90, 11, 3101, 3175010, 40),
(91, 11, 3101, 3175020, 40),
(92, 11, 3101, 3175030, 40),
(93, 11, 3101, 3175040, 40),
(94, 11, 3101, 3175050, 40),
(95, 11, 3101, 3175060, 40),
(96, 11, 3101, 3301010, 40),
(97, 11, 3101, 3301020, 40),
(98, 11, 3101, 3301030, 40),
(99, 11, 3101, 3301040, 40),
(100, 11, 3101, 3301050, 40),
(101, 11, 3101, 3301060, 40),
(102, 11, 3101, 3301070, 40),
(103, 11, 3101, 3301080, 40),
(104, 11, 3101, 3301090, 40),
(105, 11, 3101, 3301100, 40),
(106, 11, 3101, 3301110, 40),
(107, 11, 3101, 3301120, 40),
(108, 11, 3101, 3301121, 40),
(109, 11, 3101, 3301130, 40),
(110, 11, 3101, 3301140, 40),
(111, 11, 3101, 3301150, 40),
(112, 11, 3101, 3301160, 40),
(113, 11, 3101, 3301170, 40),
(114, 11, 3101, 3301180, 40),
(115, 11, 3101, 3301190, 40),
(116, 11, 3101, 3301200, 40),
(117, 11, 3101, 3301710, 40),
(118, 11, 3101, 3301720, 40),
(119, 11, 3101, 3301730, 40),
(120, 11, 3101, 3302010, 40),
(121, 11, 3101, 3302020, 40),
(122, 11, 3101, 3302030, 40),
(123, 11, 3101, 3302040, 40),
(124, 11, 3101, 3302050, 40),
(125, 11, 3101, 3302060, 40),
(126, 11, 3101, 3302070, 40),
(127, 11, 3101, 3302080, 40),
(128, 11, 3101, 3302090, 40),
(129, 11, 3101, 3302100, 40),
(130, 11, 3101, 3302110, 40),
(131, 11, 3101, 3302120, 40),
(132, 11, 3101, 3302130, 40),
(133, 11, 3101, 3302140, 40),
(134, 11, 3101, 3302150, 40),
(135, 11, 3101, 3302160, 40),
(136, 11, 3101, 3302170, 40),
(137, 11, 3101, 3302180, 40),
(138, 11, 3101, 3302190, 40),
(139, 11, 3101, 3302200, 40),
(140, 11, 3101, 3302210, 40),
(141, 11, 3101, 3302220, 40),
(142, 11, 3101, 3302230, 40),
(143, 11, 3101, 3302710, 40),
(144, 11, 3101, 3302720, 40),
(145, 11, 3101, 3302730, 40),
(146, 11, 3101, 3302740, 40),
(147, 11, 3101, 3303010, 40),
(148, 11, 3101, 3303020, 40),
(149, 11, 3101, 3303030, 40),
(150, 11, 3101, 3303040, 40),
(151, 11, 3101, 3303050, 40),
(152, 11, 3101, 3303060, 40),
(153, 11, 3101, 3303070, 40),
(154, 11, 3101, 3303080, 40),
(155, 11, 3101, 3303090, 40),
(156, 11, 3101, 3303100, 40),
(157, 11, 3101, 3303110, 40),
(158, 11, 3101, 3303120, 40),
(159, 11, 3101, 3303130, 40),
(160, 11, 3101, 3303131, 40),
(161, 11, 3101, 3303140, 40),
(162, 11, 3101, 3303141, 40),
(163, 11, 3101, 3303150, 40),
(164, 11, 3101, 3303160, 40),
(165, 11, 3101, 3304010, 40),
(166, 11, 3101, 3304020, 40),
(167, 11, 3101, 3304030, 40),
(168, 11, 3101, 3304040, 40),
(169, 11, 3101, 3304050, 40),
(170, 11, 3101, 3304060, 40),
(171, 11, 3101, 3304061, 40),
(172, 11, 3101, 3304070, 40),
(173, 11, 3101, 3304080, 40),
(174, 11, 3101, 3304090, 40),
(175, 11, 3101, 3304100, 40),
(176, 11, 3101, 3304110, 40),
(177, 11, 3101, 3304120, 40),
(178, 11, 3101, 3304130, 40),
(179, 11, 3101, 3304140, 40),
(180, 11, 3101, 3304150, 40),
(181, 11, 3101, 3304160, 40),
(182, 11, 3101, 3304170, 40),
(183, 11, 3101, 3304180, 40),
(184, 11, 3101, 3304181, 40),
(185, 11, 3101, 3305010, 40),
(186, 11, 3101, 3305020, 40),
(187, 11, 3101, 3305030, 40),
(188, 11, 3101, 3305040, 40),
(189, 11, 3101, 3305050, 40),
(190, 11, 3101, 3305060, 40),
(191, 11, 3101, 3305070, 40),
(192, 11, 3101, 3305080, 40),
(193, 11, 3101, 3305081, 40),
(194, 11, 3101, 3305090, 40),
(195, 11, 3101, 3305091, 40),
(196, 11, 3101, 3305100, 40),
(197, 11, 3101, 3305110, 40),
(198, 11, 3101, 3305111, 40),
(199, 11, 3101, 3305120, 40),
(200, 11, 3101, 3305130, 40),
(201, 11, 3101, 3305140, 40),
(202, 11, 3101, 3305150, 40),
(203, 11, 3101, 3305160, 40),
(204, 11, 3101, 3305170, 40),
(205, 11, 3101, 3305180, 40),
(206, 11, 3101, 3305190, 40),
(207, 11, 3101, 3305200, 40),
(208, 11, 3101, 3305210, 40),
(209, 11, 3101, 3305220, 40),
(210, 11, 3101, 3305221, 40),
(211, 11, 3101, 3306010, 40),
(212, 11, 3101, 3306020, 40),
(213, 11, 3101, 3306030, 40),
(214, 11, 3101, 3306040, 40),
(215, 11, 3101, 3306050, 40),
(216, 11, 3101, 3306060, 40),
(217, 11, 3101, 3306070, 40),
(218, 11, 3101, 3306080, 40),
(219, 11, 3101, 3306090, 40),
(220, 11, 3101, 3306100, 40),
(221, 11, 3101, 3306110, 40),
(222, 11, 3101, 3306120, 40),
(223, 11, 3101, 3306130, 40),
(224, 11, 3101, 3306140, 40),
(225, 11, 3101, 3306150, 40),
(226, 11, 3101, 3306160, 40),
(227, 11, 3101, 3307010, 40),
(228, 11, 3101, 3307020, 40),
(229, 11, 3101, 3307030, 40),
(230, 11, 3101, 3307031, 40),
(231, 11, 3101, 3307040, 40),
(232, 11, 3101, 3307050, 40),
(233, 11, 3101, 3307051, 40),
(234, 11, 3101, 3307060, 40),
(235, 11, 3101, 3307070, 40),
(236, 11, 3101, 3307080, 40),
(237, 11, 3101, 3307090, 40),
(238, 11, 3101, 3307100, 40),
(239, 11, 3101, 3307110, 40),
(240, 11, 3101, 3307120, 40),
(241, 11, 3101, 3307130, 40),
(242, 11, 3101, 3308010, 40),
(243, 11, 3101, 3308020, 40),
(244, 11, 3101, 3308030, 40),
(245, 11, 3101, 3308040, 40),
(246, 11, 3101, 3308050, 40),
(247, 11, 3101, 3308060, 40),
(248, 11, 3101, 3308070, 40),
(249, 11, 3101, 3308080, 40),
(250, 11, 3101, 3308090, 40),
(251, 11, 3101, 3308100, 40),
(252, 11, 3101, 3308110, 40),
(253, 11, 3101, 3308120, 40),
(254, 11, 3101, 3308130, 40),
(255, 11, 3101, 3308140, 40),
(256, 11, 3101, 3308150, 40),
(257, 11, 3101, 3308160, 40),
(258, 11, 3101, 3308170, 40),
(259, 11, 3101, 3308180, 40),
(260, 11, 3101, 3308190, 40),
(261, 11, 3101, 3308200, 40),
(262, 11, 3101, 3308210, 40),
(263, 11, 3101, 3309010, 40),
(264, 11, 3101, 3309020, 40),
(265, 11, 3101, 3309030, 40),
(266, 11, 3101, 3309040, 40),
(267, 11, 3101, 3309050, 40),
(268, 11, 3101, 3309060, 40),
(269, 11, 3101, 3309070, 40),
(270, 11, 3101, 3309080, 40),
(271, 11, 3101, 3309090, 40),
(272, 11, 3101, 3309100, 40),
(273, 11, 3101, 3309110, 40),
(274, 11, 3101, 3309120, 40),
(275, 11, 3101, 3309130, 40),
(276, 11, 3101, 3309140, 40),
(277, 11, 3101, 3309150, 40),
(278, 11, 3101, 3309160, 40),
(279, 11, 3101, 3309170, 40),
(280, 11, 3101, 3309180, 40),
(281, 11, 3101, 3309190, 40),
(282, 11, 3101, 3310010, 40),
(283, 11, 3101, 3310020, 40),
(284, 11, 3101, 3310030, 40),
(285, 11, 3101, 3310040, 40),
(286, 11, 3101, 3310050, 40),
(287, 11, 3101, 3310060, 40),
(288, 11, 3101, 3310070, 40),
(289, 11, 3101, 3310080, 40),
(290, 11, 3101, 3310090, 40),
(291, 11, 3101, 3310100, 40),
(292, 11, 3101, 3310110, 40),
(293, 11, 3101, 3310120, 40),
(294, 11, 3101, 3310130, 40),
(295, 11, 3101, 3310140, 40),
(296, 11, 3101, 3310150, 40),
(297, 11, 3101, 3310160, 40),
(298, 11, 3101, 3310170, 40),
(299, 11, 3101, 3310180, 40),
(300, 11, 3101, 3310190, 40),
(301, 11, 3101, 3310200, 40),
(302, 11, 3101, 3310210, 40),
(303, 11, 3101, 3310220, 40),
(304, 11, 3101, 3310230, 40),
(305, 11, 3101, 3310710, 40),
(306, 11, 3101, 3310720, 40),
(307, 11, 3101, 3310730, 40),
(308, 11, 3101, 3311010, 40),
(309, 11, 3101, 3311020, 40),
(310, 11, 3101, 3311030, 40),
(311, 11, 3101, 3311040, 40),
(312, 11, 3101, 3311050, 40),
(313, 11, 3101, 3311060, 40),
(314, 11, 3101, 3311070, 40),
(315, 11, 3101, 3311080, 40),
(316, 11, 3101, 3311090, 40),
(317, 11, 3101, 3311100, 40),
(318, 11, 3101, 3311110, 40),
(319, 11, 3101, 3311120, 40),
(320, 11, 3101, 3312010, 40),
(321, 11, 3101, 3312020, 40),
(322, 11, 3101, 3312030, 40),
(323, 11, 3101, 3312040, 40),
(324, 11, 3101, 3312050, 40),
(325, 11, 3101, 3312060, 40),
(326, 11, 3101, 3312070, 40),
(327, 11, 3101, 3312080, 40),
(328, 11, 3101, 3312090, 40),
(329, 11, 3101, 3312100, 40),
(330, 11, 3101, 3312110, 40),
(331, 11, 3101, 3312120, 40),
(332, 11, 3101, 3312130, 40),
(333, 11, 3101, 3312140, 40),
(334, 11, 3101, 3312150, 40),
(335, 11, 3101, 3312160, 40),
(336, 11, 3101, 3312170, 40),
(337, 11, 3101, 3312180, 40),
(338, 11, 3101, 3312190, 40),
(339, 11, 3101, 3312200, 40),
(340, 11, 3101, 3312201, 40),
(341, 11, 3101, 3312210, 40),
(342, 11, 3101, 3312220, 40),
(343, 11, 3101, 3312230, 40),
(344, 11, 3101, 3312240, 40),
(345, 11, 3101, 3313010, 40),
(346, 11, 3101, 3313020, 40),
(347, 11, 3101, 3313030, 40),
(348, 11, 3101, 3313040, 40),
(349, 11, 3101, 3313050, 40),
(350, 11, 3101, 3313060, 40),
(351, 11, 3101, 3313070, 40),
(352, 11, 3101, 3313080, 40),
(353, 11, 3101, 3313090, 40),
(354, 11, 3101, 3313100, 40),
(355, 11, 3101, 3313110, 40),
(356, 11, 3101, 3313120, 40),
(357, 11, 3101, 3313130, 40),
(358, 11, 3101, 3313140, 40),
(359, 11, 3101, 3313150, 40),
(360, 11, 3101, 3313160, 40),
(361, 11, 3101, 3313170, 40),
(362, 11, 3101, 3314010, 40),
(363, 11, 3101, 3314020, 40),
(364, 11, 3101, 3314030, 40),
(365, 11, 3101, 3314040, 40),
(366, 11, 3101, 3314050, 40),
(367, 11, 3101, 3314060, 40),
(368, 11, 3101, 3314070, 40),
(369, 11, 3101, 3314080, 40),
(370, 11, 3101, 3314090, 40),
(371, 11, 3101, 3314100, 40),
(372, 11, 3101, 3314110, 40),
(373, 11, 3101, 3314120, 40),
(374, 11, 3101, 3314130, 40),
(375, 11, 3101, 3314140, 40),
(376, 11, 3101, 3314150, 40),
(377, 11, 3101, 3314160, 40),
(378, 11, 3101, 3314170, 40),
(379, 11, 3101, 3314180, 40),
(380, 11, 3101, 3314190, 40),
(381, 11, 3101, 3314200, 40),
(382, 11, 3101, 3315010, 40),
(383, 11, 3101, 3315020, 40),
(384, 11, 3101, 3315030, 40),
(385, 11, 3101, 3315040, 40),
(386, 11, 3101, 3315050, 40),
(387, 11, 3101, 3315060, 40),
(388, 11, 3101, 3315070, 40),
(389, 11, 3101, 3315080, 40),
(390, 11, 3101, 3315090, 40),
(391, 11, 3101, 3315100, 40),
(392, 11, 3101, 3315110, 40),
(393, 11, 3101, 3315120, 40),
(394, 11, 3101, 3315130, 40),
(395, 11, 3101, 3315140, 40),
(396, 11, 3101, 3315150, 40),
(397, 11, 3101, 3315160, 40),
(398, 11, 3101, 3315170, 40),
(399, 11, 3101, 3315180, 40),
(400, 11, 3101, 3315190, 40),
(401, 11, 3101, 3316010, 40),
(402, 11, 3101, 3316020, 40),
(403, 11, 3101, 3316030, 40),
(404, 11, 3101, 3316040, 40),
(405, 11, 3101, 3316050, 40),
(406, 11, 3101, 3316060, 40),
(407, 11, 3101, 3316070, 40),
(408, 11, 3101, 3316080, 40),
(409, 11, 3101, 3316090, 40),
(410, 11, 3101, 3316100, 40),
(411, 11, 3101, 3316110, 40),
(412, 11, 3101, 3316120, 40),
(413, 11, 3101, 3316130, 40),
(414, 11, 3101, 3316140, 40),
(415, 11, 3101, 3316150, 40),
(416, 11, 3101, 3316160, 40),
(417, 11, 3101, 3317010, 40),
(418, 11, 3101, 3317020, 40),
(419, 11, 3101, 3317030, 40),
(420, 11, 3101, 3317040, 40),
(421, 11, 3101, 3317050, 40),
(422, 11, 3101, 3317060, 40),
(423, 11, 3101, 3317070, 40),
(424, 11, 3101, 3317080, 40),
(425, 11, 3101, 3317090, 40),
(426, 11, 3101, 3317100, 40),
(427, 11, 3101, 3317110, 40),
(428, 11, 3101, 3317120, 40),
(429, 11, 3101, 3317130, 40),
(430, 11, 3101, 3317140, 40),
(431, 11, 3101, 3318010, 40),
(432, 11, 3101, 3318020, 40),
(433, 11, 3101, 3318030, 40),
(434, 11, 3101, 3318040, 40),
(435, 11, 3101, 3318050, 40),
(436, 11, 3101, 3318060, 40),
(437, 11, 3101, 3318070, 40),
(438, 11, 3101, 3318080, 40),
(439, 11, 3101, 3318090, 40),
(440, 11, 3101, 3318100, 40),
(441, 11, 3101, 3318110, 40),
(442, 11, 3101, 3318120, 40),
(443, 11, 3101, 3318130, 40),
(444, 11, 3101, 3318140, 40),
(445, 11, 3101, 3318150, 40),
(446, 11, 3101, 3318160, 40),
(447, 11, 3101, 3318170, 40),
(448, 11, 3101, 3318180, 40),
(449, 11, 3101, 3318190, 40),
(450, 11, 3101, 3318200, 40),
(451, 11, 3101, 3318210, 40),
(452, 11, 3101, 3319010, 40),
(453, 11, 3101, 3319020, 40),
(454, 11, 3101, 3319030, 40),
(455, 11, 3101, 3319040, 40),
(456, 11, 3101, 3319050, 40),
(457, 11, 3101, 3319060, 40),
(458, 11, 3101, 3319070, 40),
(459, 11, 3101, 3319080, 40),
(460, 11, 3101, 3319090, 40),
(461, 11, 3101, 3320010, 40),
(462, 11, 3101, 3320020, 40),
(463, 11, 3101, 3320021, 40),
(464, 11, 3101, 3320030, 40),
(465, 11, 3101, 3320040, 40),
(466, 11, 3101, 3320050, 40),
(467, 11, 3101, 3320060, 40),
(468, 11, 3101, 3320070, 40),
(469, 11, 3101, 3320080, 40),
(470, 11, 3101, 3320090, 40),
(471, 11, 3101, 3320091, 40),
(472, 11, 3101, 3320100, 40),
(473, 11, 3101, 3320101, 40),
(474, 11, 3101, 3320110, 40),
(475, 11, 3101, 3320111, 40),
(476, 11, 3101, 3320120, 40),
(477, 11, 3101, 3321010, 40),
(478, 11, 3101, 3321020, 40),
(479, 11, 3101, 3321030, 40),
(480, 11, 3101, 3321040, 40),
(481, 11, 3101, 3321050, 40),
(482, 11, 3101, 3321060, 40),
(483, 11, 3101, 3321070, 40),
(484, 11, 3101, 3321080, 40),
(485, 11, 3101, 3321090, 40),
(486, 11, 3101, 3321091, 40),
(487, 11, 3101, 3321100, 40),
(488, 11, 3101, 3321110, 40),
(489, 11, 3101, 3321120, 40),
(490, 11, 3101, 3321130, 40),
(491, 11, 3101, 3322010, 40),
(492, 11, 3101, 3322020, 40),
(493, 11, 3101, 3322030, 40),
(494, 11, 3101, 3322031, 40),
(495, 11, 3101, 3322040, 40),
(496, 11, 3101, 3322050, 40),
(497, 11, 3101, 3322060, 40),
(498, 11, 3101, 3322070, 40),
(499, 11, 3101, 3322080, 40),
(500, 11, 3101, 3322090, 40),
(501, 11, 3101, 3322100, 40),
(502, 11, 3101, 3322101, 40),
(503, 11, 3101, 3322110, 40),
(504, 11, 3101, 3322120, 40),
(505, 11, 3101, 3322121, 40),
(506, 11, 3101, 3322130, 40),
(507, 11, 3101, 3322140, 40),
(508, 11, 3101, 3322151, 40),
(509, 11, 3101, 3322152, 40),
(510, 11, 3101, 3323010, 40),
(511, 11, 3101, 3323011, 40),
(512, 11, 3101, 3323012, 40),
(513, 11, 3101, 3323020, 40),
(514, 11, 3101, 3323030, 40),
(515, 11, 3101, 3323031, 40),
(516, 11, 3101, 3323040, 40),
(517, 11, 3101, 3323041, 40),
(518, 11, 3101, 3323050, 40),
(519, 11, 3101, 3323060, 40),
(520, 11, 3101, 3323070, 40),
(521, 11, 3101, 3323080, 40),
(522, 11, 3101, 3323090, 40),
(523, 11, 3101, 3323100, 40),
(524, 11, 3101, 3323110, 40),
(525, 11, 3101, 3323111, 40),
(526, 11, 3101, 3323120, 40),
(527, 11, 3101, 3323121, 40),
(528, 11, 3101, 3323130, 40),
(529, 11, 3101, 3323131, 40),
(530, 11, 3101, 3324010, 40),
(531, 11, 3101, 3324020, 40),
(532, 11, 3101, 3324030, 40),
(533, 11, 3101, 3324040, 40),
(534, 11, 3101, 3324050, 40),
(535, 11, 3101, 3324060, 40),
(536, 11, 3101, 3324070, 40),
(537, 11, 3101, 3324080, 40),
(538, 11, 3101, 3324081, 40),
(539, 11, 3101, 3324090, 40),
(540, 11, 3101, 3324100, 40),
(541, 11, 3101, 3324101, 40),
(542, 11, 3101, 3324110, 40),
(543, 11, 3101, 3324111, 40),
(544, 11, 3101, 3324120, 40),
(545, 11, 3101, 3324130, 40),
(546, 11, 3101, 3324140, 40),
(547, 11, 3101, 3324150, 40),
(548, 11, 3101, 3324160, 40),
(549, 11, 3101, 3324170, 40),
(550, 11, 3101, 3325010, 40),
(551, 11, 3101, 3325020, 40),
(552, 11, 3101, 3325030, 40),
(553, 11, 3101, 3325040, 40),
(554, 11, 3101, 3325050, 40),
(555, 11, 3101, 3325060, 40),
(556, 11, 3101, 3325070, 40),
(557, 11, 3101, 3325080, 40),
(558, 11, 3101, 3325081, 40),
(559, 11, 3101, 3325090, 40),
(560, 11, 3101, 3325091, 40),
(561, 11, 3101, 3325100, 40),
(562, 11, 3101, 3325101, 40),
(563, 11, 3101, 3325110, 40),
(564, 11, 3101, 3325120, 40),
(565, 11, 3101, 3326010, 40),
(566, 11, 3101, 3326020, 40),
(567, 11, 3101, 3326030, 40),
(568, 11, 3101, 3326040, 40),
(569, 11, 3101, 3326050, 40),
(570, 11, 3101, 3326060, 40),
(571, 11, 3101, 3326070, 40),
(572, 11, 3101, 3326080, 40),
(573, 11, 3101, 3326090, 40),
(574, 11, 3101, 3326100, 40),
(575, 11, 3101, 3326101, 40),
(576, 11, 3101, 3326110, 40),
(577, 11, 3101, 3326120, 40),
(578, 11, 3101, 3326130, 40),
(579, 11, 3101, 3326131, 40),
(580, 11, 3101, 3326140, 40),
(581, 11, 3101, 3326150, 40),
(582, 11, 3101, 3326160, 40),
(583, 11, 3101, 3326161, 40),
(584, 11, 3101, 3327010, 40),
(585, 11, 3101, 3327011, 40),
(586, 11, 3101, 3327020, 40),
(587, 11, 3101, 3327030, 40),
(588, 11, 3101, 3327040, 40),
(589, 11, 3101, 3327050, 40),
(590, 11, 3101, 3327060, 40),
(591, 11, 3101, 3327070, 40),
(592, 11, 3101, 3327080, 40),
(593, 11, 3101, 3327090, 40),
(594, 11, 3101, 3327100, 40),
(595, 11, 3101, 3327110, 40),
(596, 11, 3101, 3327120, 40),
(597, 11, 3101, 3327130, 40),
(598, 11, 3101, 3328010, 40),
(599, 11, 3101, 3328020, 40),
(600, 11, 3101, 3328030, 40),
(601, 11, 3101, 3328040, 40),
(602, 11, 3101, 3328050, 40),
(603, 11, 3101, 3328060, 40),
(604, 11, 3101, 3328070, 40),
(605, 11, 3101, 3328080, 40),
(606, 11, 3101, 3328090, 40),
(607, 11, 3101, 3328100, 40),
(608, 11, 3101, 3328110, 40),
(609, 11, 3101, 3328120, 40),
(610, 11, 3101, 3328130, 40),
(611, 11, 3101, 3328140, 40),
(612, 11, 3101, 3328150, 40),
(613, 11, 3101, 3328160, 40),
(614, 11, 3101, 3328170, 40),
(615, 11, 3101, 3328180, 40),
(616, 11, 3101, 3329010, 40),
(617, 11, 3101, 3329020, 40),
(618, 11, 3101, 3329030, 40),
(619, 11, 3101, 3329040, 40),
(620, 11, 3101, 3329050, 40),
(621, 11, 3101, 3329060, 40),
(622, 11, 3101, 3329070, 40),
(623, 11, 3101, 3329080, 40),
(624, 11, 3101, 3329090, 40),
(625, 11, 3101, 3329100, 40),
(626, 11, 3101, 3329110, 40),
(627, 11, 3101, 3329120, 40),
(628, 11, 3101, 3329130, 40),
(629, 11, 3101, 3329140, 40),
(630, 11, 3101, 3329150, 40),
(631, 11, 3101, 3329160, 40),
(632, 11, 3101, 3329170, 40),
(633, 11, 3101, 3371010, 40),
(634, 11, 3101, 3371011, 40),
(635, 11, 3101, 3371020, 40),
(636, 11, 3101, 3372010, 40),
(637, 11, 3101, 3372020, 40),
(638, 11, 3101, 3372030, 40),
(639, 11, 3101, 3372040, 40),
(640, 11, 3101, 3372050, 40),
(641, 11, 3101, 3373010, 40),
(642, 11, 3101, 3373020, 40),
(643, 11, 3101, 3373030, 40),
(644, 11, 3101, 3373040, 40),
(645, 11, 3101, 3374010, 40),
(646, 11, 3101, 3374020, 40),
(647, 11, 3101, 3374030, 40),
(648, 11, 3101, 3374040, 40),
(649, 11, 3101, 3374050, 40),
(650, 11, 3101, 3374060, 40),
(651, 11, 3101, 3374070, 40),
(652, 11, 3101, 3374080, 40),
(653, 11, 3101, 3374090, 40),
(654, 11, 3101, 3374100, 40),
(655, 11, 3101, 3374110, 40),
(656, 11, 3101, 3374120, 40),
(657, 11, 3101, 3374130, 40),
(658, 11, 3101, 3374140, 40),
(659, 11, 3101, 3374150, 40),
(660, 11, 3101, 3374160, 40),
(661, 11, 3101, 3375010, 40),
(662, 11, 3101, 3375020, 40),
(663, 11, 3101, 3375030, 40),
(664, 11, 3101, 3375040, 40),
(665, 11, 3101, 3376010, 40),
(666, 11, 3101, 3376020, 40),
(667, 11, 3101, 3376030, 40),
(668, 11, 3101, 3376040, 40),
(669, 11, 3101, 5101010, 40),
(670, 11, 3101, 5101020, 40),
(671, 11, 3101, 5101021, 40),
(672, 11, 3101, 5101030, 40),
(673, 11, 3101, 5101040, 40),
(674, 11, 3101, 5102010, 40),
(675, 11, 3101, 5102011, 40),
(676, 11, 3101, 5102012, 40),
(677, 11, 3101, 5102020, 40),
(678, 11, 3101, 5102030, 40),
(679, 11, 3101, 5102040, 40),
(680, 11, 3101, 5102050, 40),
(681, 11, 3101, 5102060, 40),
(682, 11, 3101, 5102070, 40),
(683, 11, 3101, 5102080, 40),
(684, 11, 3101, 5103010, 40),
(685, 11, 3101, 5103020, 40),
(686, 11, 3101, 5103030, 40),
(687, 11, 3101, 5103040, 40),
(688, 11, 3101, 5103050, 40),
(689, 11, 3101, 5103060, 40),
(690, 11, 3101, 5104010, 40),
(691, 11, 3101, 5104020, 40),
(692, 11, 3101, 5104030, 40),
(693, 11, 3101, 5104040, 40),
(694, 11, 3101, 5104050, 40),
(695, 11, 3101, 5104060, 40),
(696, 11, 3101, 5104070, 40),
(697, 11, 3101, 5105010, 40),
(698, 11, 3101, 5105020, 40),
(699, 11, 3101, 5105030, 40),
(700, 11, 3101, 5105040, 40),
(701, 11, 3101, 5106010, 40),
(702, 11, 3101, 5106020, 40),
(703, 11, 3101, 5106030, 40),
(704, 11, 3101, 5106040, 40),
(705, 11, 3101, 5107010, 40),
(706, 11, 3101, 5107020, 40),
(707, 11, 3101, 5107030, 40),
(708, 11, 3101, 5107040, 40),
(709, 11, 3101, 5107050, 40),
(710, 11, 3101, 5107060, 40),
(711, 11, 3101, 5107070, 40),
(712, 11, 3101, 5107080, 40),
(713, 11, 3101, 5108010, 40),
(714, 11, 3101, 5108020, 40),
(715, 11, 3101, 5108030, 40),
(716, 11, 3101, 5108040, 40),
(717, 11, 3101, 5108050, 40),
(718, 11, 3101, 5108060, 40),
(719, 11, 3101, 5108070, 40),
(720, 11, 3101, 5108080, 40),
(721, 11, 3101, 5108090, 40),
(722, 11, 3101, 5171010, 40),
(723, 11, 3101, 5171020, 40),
(724, 11, 3101, 5171030, 40),
(725, 11, 3101, 5171031, 40),
(726, 31, 3101, 3101010, 40),
(727, 31, 3101, 3101020, 40),
(728, 31, 3171, 3171010, 40),
(729, 31, 3171, 3171020, 40),
(730, 31, 3171, 3171030, 40),
(731, 31, 3171, 3171040, 40),
(732, 31, 3171, 3171050, 40),
(733, 31, 3171, 3171060, 40),
(734, 31, 3171, 3171070, 40),
(735, 31, 3171, 3171080, 40),
(736, 31, 3171, 3171090, 40),
(737, 31, 3171, 3171100, 40),
(738, 31, 3172, 3172010, 40),
(739, 31, 3172, 3172020, 40),
(740, 31, 3172, 3172030, 40),
(741, 31, 3172, 3172040, 40),
(742, 31, 3172, 3172050, 40),
(743, 31, 3172, 3172060, 40),
(744, 31, 3172, 3172070, 40),
(745, 31, 3172, 3172080, 40),
(746, 31, 3172, 3172090, 40),
(747, 31, 3172, 3172100, 40),
(748, 31, 3173, 3173010, 40),
(749, 31, 3173, 3173020, 40),
(750, 31, 3173, 3173030, 40),
(751, 31, 3173, 3173040, 40),
(752, 31, 3173, 3173050, 40),
(753, 31, 3173, 3173060, 40),
(754, 31, 3173, 3173070, 40),
(755, 31, 3173, 3173080, 40),
(756, 31, 3174, 3174010, 40),
(757, 31, 3174, 3174020, 40),
(758, 31, 3174, 3174030, 40),
(759, 31, 3174, 3174040, 40),
(760, 31, 3174, 3174050, 40),
(761, 31, 3174, 3174060, 40),
(762, 31, 3174, 3174070, 40),
(763, 31, 3174, 3174080, 40),
(764, 31, 3175, 3175010, 40),
(765, 31, 3175, 3175020, 40),
(766, 31, 3175, 3175030, 40),
(767, 31, 3175, 3175040, 40),
(768, 31, 3175, 3175050, 40),
(769, 31, 3175, 3175060, 40),
(770, 33, 3301, 3301010, 40),
(771, 33, 3301, 3301020, 40),
(772, 33, 3301, 3301030, 40),
(773, 33, 3301, 3301040, 40),
(774, 33, 3301, 3301050, 40),
(775, 33, 3301, 3301060, 40),
(776, 33, 3301, 3301070, 40),
(777, 33, 3301, 3301080, 40),
(778, 33, 3301, 3301090, 40),
(779, 33, 3301, 3301100, 40),
(780, 33, 3301, 3301110, 40),
(781, 33, 3301, 3301120, 40),
(782, 33, 3301, 3301121, 40),
(783, 33, 3301, 3301130, 40),
(784, 33, 3301, 3301140, 40),
(785, 33, 3301, 3301150, 40),
(786, 33, 3301, 3301160, 40),
(787, 33, 3301, 3301170, 40),
(788, 33, 3301, 3301180, 40),
(789, 33, 3301, 3301190, 40),
(790, 33, 3301, 3301200, 40),
(791, 33, 3301, 3301710, 40),
(792, 33, 3301, 3301720, 40),
(793, 33, 3301, 3301730, 40),
(794, 33, 3302, 3302010, 40),
(795, 33, 3302, 3302020, 40),
(796, 33, 3302, 3302030, 40),
(797, 33, 3302, 3302040, 40),
(798, 33, 3302, 3302050, 40),
(799, 33, 3302, 3302060, 40),
(800, 33, 3302, 3302070, 40),
(801, 33, 3302, 3302080, 40),
(802, 33, 3302, 3302090, 40),
(803, 33, 3302, 3302100, 40),
(804, 33, 3302, 3302110, 40),
(805, 33, 3302, 3302120, 40),
(806, 33, 3302, 3302130, 40),
(807, 33, 3302, 3302140, 40),
(808, 33, 3302, 3302150, 40),
(809, 33, 3302, 3302160, 40),
(810, 33, 3302, 3302170, 40),
(811, 33, 3302, 3302180, 40),
(812, 33, 3302, 3302190, 40),
(813, 33, 3302, 3302200, 40),
(814, 33, 3302, 3302210, 40),
(815, 33, 3302, 3302220, 40),
(816, 33, 3302, 3302230, 40),
(817, 33, 3302, 3302710, 40),
(818, 33, 3302, 3302720, 40),
(819, 33, 3302, 3302730, 40),
(820, 33, 3302, 3302740, 40),
(821, 33, 3303, 3303010, 40),
(822, 33, 3303, 3303020, 40),
(823, 33, 3303, 3303030, 40),
(824, 33, 3303, 3303040, 40),
(825, 33, 3303, 3303050, 40),
(826, 33, 3303, 3303060, 40),
(827, 33, 3303, 3303070, 40),
(828, 33, 3303, 3303080, 40),
(829, 33, 3303, 3303090, 40),
(830, 33, 3303, 3303100, 40),
(831, 33, 3303, 3303110, 40),
(832, 33, 3303, 3303120, 40),
(833, 33, 3303, 3303130, 40),
(834, 33, 3303, 3303131, 40),
(835, 33, 3303, 3303140, 40),
(836, 33, 3303, 3303141, 40),
(837, 33, 3303, 3303150, 40),
(838, 33, 3303, 3303160, 40),
(839, 33, 3304, 3304010, 40),
(840, 33, 3304, 3304020, 40),
(841, 33, 3304, 3304030, 40),
(842, 33, 3304, 3304040, 40),
(843, 33, 3304, 3304050, 40),
(844, 33, 3304, 3304060, 40),
(845, 33, 3304, 3304061, 40),
(846, 33, 3304, 3304070, 40),
(847, 33, 3304, 3304080, 40),
(848, 33, 3304, 3304090, 40),
(849, 33, 3304, 3304100, 40),
(850, 33, 3304, 3304110, 40),
(851, 33, 3304, 3304120, 40),
(852, 33, 3304, 3304130, 40),
(853, 33, 3304, 3304140, 40),
(854, 33, 3304, 3304150, 40),
(855, 33, 3304, 3304160, 40),
(856, 33, 3304, 3304170, 40),
(857, 33, 3304, 3304180, 40),
(858, 33, 3304, 3304181, 40),
(859, 33, 3305, 3305010, 40),
(860, 33, 3305, 3305020, 40),
(861, 33, 3305, 3305030, 40),
(862, 33, 3305, 3305040, 40),
(863, 33, 3305, 3305050, 40),
(864, 33, 3305, 3305060, 40),
(865, 33, 3305, 3305070, 40),
(866, 33, 3305, 3305080, 40),
(867, 33, 3305, 3305081, 40),
(868, 33, 3305, 3305090, 40),
(869, 33, 3305, 3305091, 40),
(870, 33, 3305, 3305100, 40),
(871, 33, 3305, 3305110, 40),
(872, 33, 3305, 3305111, 40),
(873, 33, 3305, 3305120, 40),
(874, 33, 3305, 3305130, 40),
(875, 33, 3305, 3305140, 40),
(876, 33, 3305, 3305150, 40),
(877, 33, 3305, 3305160, 40),
(878, 33, 3305, 3305170, 40),
(879, 33, 3305, 3305180, 40),
(880, 33, 3305, 3305190, 40),
(881, 33, 3305, 3305200, 40),
(882, 33, 3305, 3305210, 40),
(883, 33, 3305, 3305220, 40),
(884, 33, 3305, 3305221, 40),
(885, 33, 3306, 3306010, 40),
(886, 33, 3306, 3306020, 40),
(887, 33, 3306, 3306030, 40),
(888, 33, 3306, 3306040, 40),
(889, 33, 3306, 3306050, 40),
(890, 33, 3306, 3306060, 40),
(891, 33, 3306, 3306070, 40),
(892, 33, 3306, 3306080, 40),
(893, 33, 3306, 3306090, 40),
(894, 33, 3306, 3306100, 40),
(895, 33, 3306, 3306110, 40),
(896, 33, 3306, 3306120, 40),
(897, 33, 3306, 3306130, 40),
(898, 33, 3306, 3306140, 40),
(899, 33, 3306, 3306150, 40),
(900, 33, 3306, 3306160, 40),
(901, 33, 3307, 3307010, 40),
(902, 33, 3307, 3307020, 40),
(903, 33, 3307, 3307030, 40),
(904, 33, 3307, 3307031, 40),
(905, 33, 3307, 3307040, 40),
(906, 33, 3307, 3307050, 40),
(907, 33, 3307, 3307051, 40),
(908, 33, 3307, 3307060, 40),
(909, 33, 3307, 3307070, 40),
(910, 33, 3307, 3307080, 40),
(911, 33, 3307, 3307090, 40),
(912, 33, 3307, 3307100, 40),
(913, 33, 3307, 3307110, 40),
(914, 33, 3307, 3307120, 40),
(915, 33, 3307, 3307130, 40),
(916, 33, 3308, 3308010, 40),
(917, 33, 3308, 3308020, 40),
(918, 33, 3308, 3308030, 40),
(919, 33, 3308, 3308040, 40),
(920, 33, 3308, 3308050, 40),
(921, 33, 3308, 3308060, 40),
(922, 33, 3308, 3308070, 40),
(923, 33, 3308, 3308080, 40),
(924, 33, 3308, 3308090, 40),
(925, 33, 3308, 3308100, 40),
(926, 33, 3308, 3308110, 40),
(927, 33, 3308, 3308120, 40),
(928, 33, 3308, 3308130, 40),
(929, 33, 3308, 3308140, 40),
(930, 33, 3308, 3308150, 40),
(931, 33, 3308, 3308160, 40),
(932, 33, 3308, 3308170, 40),
(933, 33, 3308, 3308180, 40),
(934, 33, 3308, 3308190, 40),
(935, 33, 3308, 3308200, 40),
(936, 33, 3308, 3308210, 40),
(937, 33, 3309, 3309010, 40),
(938, 33, 3309, 3309020, 40),
(939, 33, 3309, 3309030, 40),
(940, 33, 3309, 3309040, 40),
(941, 33, 3309, 3309050, 40),
(942, 33, 3309, 3309060, 40),
(943, 33, 3309, 3309070, 40),
(944, 33, 3309, 3309080, 40),
(945, 33, 3309, 3309090, 40),
(946, 33, 3309, 3309100, 40),
(947, 33, 3309, 3309110, 40),
(948, 33, 3309, 3309120, 40),
(949, 33, 3309, 3309130, 40),
(950, 33, 3309, 3309140, 40),
(951, 33, 3309, 3309150, 40),
(952, 33, 3309, 3309160, 40),
(953, 33, 3309, 3309170, 40),
(954, 33, 3309, 3309180, 40),
(955, 33, 3309, 3309190, 40),
(956, 33, 3310, 3310010, 40),
(957, 33, 3310, 3310020, 40),
(958, 33, 3310, 3310030, 40),
(959, 33, 3310, 3310040, 40),
(960, 33, 3310, 3310050, 40),
(961, 33, 3310, 3310060, 40),
(962, 33, 3310, 3310070, 40),
(963, 33, 3310, 3310080, 40),
(964, 33, 3310, 3310090, 40),
(965, 33, 3310, 3310100, 40),
(966, 33, 3310, 3310110, 40),
(967, 33, 3310, 3310120, 40),
(968, 33, 3310, 3310130, 40),
(969, 33, 3310, 3310140, 40),
(970, 33, 3310, 3310150, 40),
(971, 33, 3310, 3310160, 40),
(972, 33, 3310, 3310170, 40),
(973, 33, 3310, 3310180, 40),
(974, 33, 3310, 3310190, 40),
(975, 33, 3310, 3310200, 40),
(976, 33, 3310, 3310210, 40),
(977, 33, 3310, 3310220, 40),
(978, 33, 3310, 3310230, 40),
(979, 33, 3310, 3310710, 40),
(980, 33, 3310, 3310720, 40),
(981, 33, 3310, 3310730, 40),
(982, 33, 3311, 3311010, 40),
(983, 33, 3311, 3311020, 40),
(984, 33, 3311, 3311030, 40),
(985, 33, 3311, 3311040, 40),
(986, 33, 3311, 3311050, 40),
(987, 33, 3311, 3311060, 40),
(988, 33, 3311, 3311070, 40),
(989, 33, 3311, 3311080, 40),
(990, 33, 3311, 3311090, 40),
(991, 33, 3311, 3311100, 40),
(992, 33, 3311, 3311110, 40),
(993, 33, 3311, 3311120, 40),
(994, 33, 3312, 3312010, 40),
(995, 33, 3312, 3312020, 40),
(996, 33, 3312, 3312030, 40),
(997, 33, 3312, 3312040, 40),
(998, 33, 3312, 3312050, 40),
(999, 33, 3312, 3312060, 40),
(1000, 33, 3312, 3312070, 40),
(1001, 33, 3312, 3312080, 40),
(1002, 33, 3312, 3312090, 40),
(1003, 33, 3312, 3312100, 40),
(1004, 33, 3312, 3312110, 40),
(1005, 33, 3312, 3312120, 40),
(1006, 33, 3312, 3312130, 40),
(1007, 33, 3312, 3312140, 40),
(1008, 33, 3312, 3312150, 40),
(1009, 33, 3312, 3312160, 40),
(1010, 33, 3312, 3312170, 40),
(1011, 33, 3312, 3312180, 40),
(1012, 33, 3312, 3312190, 40),
(1013, 33, 3312, 3312200, 40),
(1014, 33, 3312, 3312201, 40),
(1015, 33, 3312, 3312210, 40),
(1016, 33, 3312, 3312220, 40),
(1017, 33, 3312, 3312230, 40),
(1018, 33, 3312, 3312240, 40),
(1019, 33, 3313, 3313010, 40),
(1020, 33, 3313, 3313020, 40),
(1021, 33, 3313, 3313030, 40),
(1022, 33, 3313, 3313040, 40),
(1023, 33, 3313, 3313050, 40),
(1024, 33, 3313, 3313060, 40),
(1025, 33, 3313, 3313070, 40),
(1026, 33, 3313, 3313080, 40),
(1027, 33, 3313, 3313090, 40),
(1028, 33, 3313, 3313100, 40),
(1029, 33, 3313, 3313110, 40),
(1030, 33, 3313, 3313120, 40),
(1031, 33, 3313, 3313130, 40),
(1032, 33, 3313, 3313140, 40),
(1033, 33, 3313, 3313150, 40),
(1034, 33, 3313, 3313160, 40),
(1035, 33, 3313, 3313170, 40),
(1036, 33, 3314, 3314010, 40),
(1037, 33, 3314, 3314020, 40),
(1038, 33, 3314, 3314030, 40),
(1039, 33, 3314, 3314040, 40),
(1040, 33, 3314, 3314050, 40),
(1041, 33, 3314, 3314060, 40),
(1042, 33, 3314, 3314070, 40),
(1043, 33, 3314, 3314080, 40),
(1044, 33, 3314, 3314090, 40),
(1045, 33, 3314, 3314100, 40),
(1046, 33, 3314, 3314110, 40),
(1047, 33, 3314, 3314120, 40),
(1048, 33, 3314, 3314130, 40),
(1049, 33, 3314, 3314140, 40),
(1050, 33, 3314, 3314150, 40),
(1051, 33, 3314, 3314160, 40),
(1052, 33, 3314, 3314170, 40),
(1053, 33, 3314, 3314180, 40),
(1054, 33, 3314, 3314190, 40),
(1055, 33, 3314, 3314200, 40),
(1056, 33, 3315, 3315010, 40),
(1057, 33, 3315, 3315020, 40),
(1058, 33, 3315, 3315030, 40),
(1059, 33, 3315, 3315040, 40),
(1060, 33, 3315, 3315050, 40),
(1061, 33, 3315, 3315060, 40),
(1062, 33, 3315, 3315070, 40),
(1063, 33, 3315, 3315080, 40),
(1064, 33, 3315, 3315090, 40),
(1065, 33, 3315, 3315100, 40),
(1066, 33, 3315, 3315110, 40),
(1067, 33, 3315, 3315120, 40),
(1068, 33, 3315, 3315130, 40),
(1069, 33, 3315, 3315140, 40),
(1070, 33, 3315, 3315150, 40),
(1071, 33, 3315, 3315160, 40),
(1072, 33, 3315, 3315170, 40),
(1073, 33, 3315, 3315180, 40),
(1074, 33, 3315, 3315190, 40),
(1075, 33, 3316, 3316010, 40),
(1076, 33, 3316, 3316020, 40),
(1077, 33, 3316, 3316030, 40),
(1078, 33, 3316, 3316040, 40),
(1079, 33, 3316, 3316050, 40),
(1080, 33, 3316, 3316060, 40),
(1081, 33, 3316, 3316070, 40),
(1082, 33, 3316, 3316080, 40),
(1083, 33, 3316, 3316090, 40),
(1084, 33, 3316, 3316100, 40),
(1085, 33, 3316, 3316110, 40),
(1086, 33, 3316, 3316120, 40),
(1087, 33, 3316, 3316130, 40),
(1088, 33, 3316, 3316140, 40),
(1089, 33, 3316, 3316150, 40),
(1090, 33, 3316, 3316160, 40),
(1091, 33, 3317, 3317010, 40),
(1092, 33, 3317, 3317020, 40),
(1093, 33, 3317, 3317030, 40),
(1094, 33, 3317, 3317040, 40),
(1095, 33, 3317, 3317050, 40),
(1096, 33, 3317, 3317060, 40),
(1097, 33, 3317, 3317070, 40),
(1098, 33, 3317, 3317080, 40),
(1099, 33, 3317, 3317090, 40),
(1100, 33, 3317, 3317100, 40),
(1101, 33, 3317, 3317110, 40),
(1102, 33, 3317, 3317120, 40),
(1103, 33, 3317, 3317130, 40),
(1104, 33, 3317, 3317140, 40),
(1105, 33, 3318, 3318010, 40),
(1106, 33, 3318, 3318020, 40),
(1107, 33, 3318, 3318030, 40),
(1108, 33, 3318, 3318040, 40),
(1109, 33, 3318, 3318050, 40),
(1110, 33, 3318, 3318060, 40),
(1111, 33, 3318, 3318070, 40),
(1112, 33, 3318, 3318080, 40),
(1113, 33, 3318, 3318090, 40),
(1114, 33, 3318, 3318100, 40),
(1115, 33, 3318, 3318110, 40),
(1116, 33, 3318, 3318120, 40),
(1117, 33, 3318, 3318130, 40),
(1118, 33, 3318, 3318140, 40),
(1119, 33, 3318, 3318150, 40),
(1120, 33, 3318, 3318160, 40),
(1121, 33, 3318, 3318170, 40),
(1122, 33, 3318, 3318180, 40),
(1123, 33, 3318, 3318190, 40),
(1124, 33, 3318, 3318200, 40),
(1125, 33, 3318, 3318210, 40),
(1126, 33, 3319, 3319010, 40),
(1127, 33, 3319, 3319020, 40),
(1128, 33, 3319, 3319030, 40),
(1129, 33, 3319, 3319040, 40),
(1130, 33, 3319, 3319050, 40),
(1131, 33, 3319, 3319060, 40),
(1132, 33, 3319, 3319070, 40),
(1133, 33, 3319, 3319080, 40),
(1134, 33, 3319, 3319090, 40),
(1135, 33, 3320, 3320010, 40),
(1136, 33, 3320, 3320020, 40),
(1137, 33, 3320, 3320021, 40),
(1138, 33, 3320, 3320030, 40),
(1139, 33, 3320, 3320040, 40),
(1140, 33, 3320, 3320050, 40),
(1141, 33, 3320, 3320060, 40),
(1142, 33, 3320, 3320070, 40),
(1143, 33, 3320, 3320080, 40),
(1144, 33, 3320, 3320090, 40),
(1145, 33, 3320, 3320091, 40),
(1146, 33, 3320, 3320100, 40),
(1147, 33, 3320, 3320101, 40),
(1148, 33, 3320, 3320110, 40),
(1149, 33, 3320, 3320111, 40),
(1150, 33, 3320, 3320120, 40),
(1151, 33, 3321, 3321010, 40),
(1152, 33, 3321, 3321020, 40),
(1153, 33, 3321, 3321030, 40),
(1154, 33, 3321, 3321040, 40),
(1155, 33, 3321, 3321050, 40),
(1156, 33, 3321, 3321060, 40),
(1157, 33, 3321, 3321070, 40),
(1158, 33, 3321, 3321080, 40),
(1159, 33, 3321, 3321090, 40),
(1160, 33, 3321, 3321091, 40),
(1161, 33, 3321, 3321100, 40),
(1162, 33, 3321, 3321110, 40),
(1163, 33, 3321, 3321120, 40),
(1164, 33, 3321, 3321130, 40),
(1165, 33, 3322, 3322010, 40),
(1166, 33, 3322, 3322020, 40),
(1167, 33, 3322, 3322030, 40),
(1168, 33, 3322, 3322031, 40),
(1169, 33, 3322, 3322040, 40),
(1170, 33, 3322, 3322050, 40),
(1171, 33, 3322, 3322060, 40),
(1172, 33, 3322, 3322070, 40),
(1173, 33, 3322, 3322080, 40),
(1174, 33, 3322, 3322090, 40),
(1175, 33, 3322, 3322100, 40),
(1176, 33, 3322, 3322101, 40),
(1177, 33, 3322, 3322110, 40),
(1178, 33, 3322, 3322120, 40),
(1179, 33, 3322, 3322121, 40),
(1180, 33, 3322, 3322130, 40),
(1181, 33, 3322, 3322140, 40),
(1182, 33, 3322, 3322151, 40),
(1183, 33, 3322, 3322152, 40),
(1184, 33, 3323, 3323010, 40),
(1185, 33, 3323, 3323011, 40),
(1186, 33, 3323, 3323012, 40),
(1187, 33, 3323, 3323020, 40),
(1188, 33, 3323, 3323030, 40),
(1189, 33, 3323, 3323031, 40),
(1190, 33, 3323, 3323040, 40),
(1191, 33, 3323, 3323041, 40),
(1192, 33, 3323, 3323050, 40),
(1193, 33, 3323, 3323060, 40),
(1194, 33, 3323, 3323070, 40),
(1195, 33, 3323, 3323080, 40),
(1196, 33, 3323, 3323090, 40),
(1197, 33, 3323, 3323100, 40),
(1198, 33, 3323, 3323110, 40),
(1199, 33, 3323, 3323111, 40),
(1200, 33, 3323, 3323120, 40),
(1201, 33, 3323, 3323121, 40),
(1202, 33, 3323, 3323130, 40),
(1203, 33, 3323, 3323131, 40),
(1204, 33, 3324, 3324010, 40),
(1205, 33, 3324, 3324020, 40),
(1206, 33, 3324, 3324030, 40),
(1207, 33, 3324, 3324040, 40),
(1208, 33, 3324, 3324050, 40),
(1209, 33, 3324, 3324060, 40),
(1210, 33, 3324, 3324070, 40),
(1211, 33, 3324, 3324080, 40),
(1212, 33, 3324, 3324081, 40),
(1213, 33, 3324, 3324090, 40),
(1214, 33, 3324, 3324100, 40),
(1215, 33, 3324, 3324101, 40),
(1216, 33, 3324, 3324110, 40),
(1217, 33, 3324, 3324111, 40),
(1218, 33, 3324, 3324120, 40),
(1219, 33, 3324, 3324130, 40),
(1220, 33, 3324, 3324140, 40),
(1221, 33, 3324, 3324150, 40),
(1222, 33, 3324, 3324160, 40),
(1223, 33, 3324, 3324170, 40),
(1224, 33, 3325, 3325010, 40),
(1225, 33, 3325, 3325020, 40),
(1226, 33, 3325, 3325030, 40),
(1227, 33, 3325, 3325040, 40),
(1228, 33, 3325, 3325050, 40),
(1229, 33, 3325, 3325060, 40),
(1230, 33, 3325, 3325070, 40),
(1231, 33, 3325, 3325080, 40),
(1232, 33, 3325, 3325081, 40),
(1233, 33, 3325, 3325090, 40),
(1234, 33, 3325, 3325091, 40),
(1235, 33, 3325, 3325100, 40),
(1236, 33, 3325, 3325101, 40),
(1237, 33, 3325, 3325110, 40),
(1238, 33, 3325, 3325120, 40),
(1239, 33, 3326, 3326010, 40),
(1240, 33, 3326, 3326020, 40),
(1241, 33, 3326, 3326030, 40),
(1242, 33, 3326, 3326040, 40),
(1243, 33, 3326, 3326050, 40),
(1244, 33, 3326, 3326060, 40),
(1245, 33, 3326, 3326070, 40),
(1246, 33, 3326, 3326080, 40),
(1247, 33, 3326, 3326090, 40),
(1248, 33, 3326, 3326100, 40),
(1249, 33, 3326, 3326101, 40),
(1250, 33, 3326, 3326110, 40),
(1251, 33, 3326, 3326120, 40),
(1252, 33, 3326, 3326130, 40),
(1253, 33, 3326, 3326131, 40),
(1254, 33, 3326, 3326140, 40),
(1255, 33, 3326, 3326150, 40),
(1256, 33, 3326, 3326160, 40),
(1257, 33, 3326, 3326161, 40),
(1258, 33, 3327, 3327010, 40),
(1259, 33, 3327, 3327011, 40),
(1260, 33, 3327, 3327020, 40),
(1261, 33, 3327, 3327030, 40),
(1262, 33, 3327, 3327040, 40),
(1263, 33, 3327, 3327050, 40),
(1264, 33, 3327, 3327060, 40),
(1265, 33, 3327, 3327070, 40),
(1266, 33, 3327, 3327080, 40),
(1267, 33, 3327, 3327090, 40),
(1268, 33, 3327, 3327100, 40),
(1269, 33, 3327, 3327110, 40),
(1270, 33, 3327, 3327120, 40),
(1271, 33, 3327, 3327130, 40),
(1272, 33, 3328, 3328010, 40),
(1273, 33, 3328, 3328020, 40),
(1274, 33, 3328, 3328030, 40),
(1275, 33, 3328, 3328040, 40),
(1276, 33, 3328, 3328050, 40),
(1277, 33, 3328, 3328060, 40),
(1278, 33, 3328, 3328070, 40),
(1279, 33, 3328, 3328080, 40),
(1280, 33, 3328, 3328090, 40),
(1281, 33, 3328, 3328100, 40),
(1282, 33, 3328, 3328110, 40),
(1283, 33, 3328, 3328120, 40),
(1284, 33, 3328, 3328130, 40),
(1285, 33, 3328, 3328140, 40),
(1286, 33, 3328, 3328150, 40),
(1287, 33, 3328, 3328160, 40),
(1288, 33, 3328, 3328170, 40),
(1289, 33, 3328, 3328180, 40),
(1290, 33, 3329, 3329010, 40),
(1291, 33, 3329, 3329020, 40),
(1292, 33, 3329, 3329030, 40),
(1293, 33, 3329, 3329040, 40),
(1294, 33, 3329, 3329050, 40),
(1295, 33, 3329, 3329060, 40),
(1296, 33, 3329, 3329070, 40),
(1297, 33, 3329, 3329080, 40),
(1298, 33, 3329, 3329090, 40),
(1299, 33, 3329, 3329100, 40),
(1300, 33, 3329, 3329110, 40),
(1301, 33, 3329, 3329120, 40),
(1302, 33, 3329, 3329130, 40),
(1303, 33, 3329, 3329140, 40),
(1304, 33, 3329, 3329150, 40),
(1305, 33, 3329, 3329160, 40),
(1306, 33, 3329, 3329170, 40),
(1307, 33, 3371, 3371010, 40),
(1308, 33, 3371, 3371011, 40),
(1309, 33, 3371, 3371020, 40),
(1310, 33, 3372, 3372010, 40),
(1311, 33, 3372, 3372020, 40),
(1312, 33, 3372, 3372030, 40),
(1313, 33, 3372, 3372040, 40),
(1314, 33, 3372, 3372050, 40),
(1315, 33, 3373, 3373010, 40),
(1316, 33, 3373, 3373020, 40),
(1317, 33, 3373, 3373030, 40),
(1318, 33, 3373, 3373040, 40),
(1319, 33, 3374, 3374010, 40),
(1320, 33, 3374, 3374020, 40),
(1321, 33, 3374, 3374030, 40),
(1322, 33, 3374, 3374040, 40),
(1323, 33, 3374, 3374050, 40),
(1324, 33, 3374, 3374060, 40),
(1325, 33, 3374, 3374070, 40),
(1326, 33, 3374, 3374080, 40),
(1327, 33, 3374, 3374090, 40),
(1328, 33, 3374, 3374100, 40),
(1329, 33, 3374, 3374110, 40),
(1330, 33, 3374, 3374120, 40),
(1331, 33, 3374, 3374130, 40),
(1332, 33, 3374, 3374140, 40),
(1333, 33, 3374, 3374150, 40),
(1334, 33, 3374, 3374160, 40),
(1335, 33, 3375, 3375010, 40),
(1336, 33, 3375, 3375020, 40),
(1337, 33, 3375, 3375030, 40),
(1338, 33, 3375, 3375040, 40),
(1339, 33, 3376, 3376010, 40),
(1340, 33, 3376, 3376020, 40),
(1341, 33, 3376, 3376030, 40),
(1342, 33, 3376, 3376040, 40),
(1343, 51, 5101, 5101010, 40),
(1344, 51, 5101, 5101020, 40),
(1345, 51, 5101, 5101021, 40),
(1346, 51, 5101, 5101030, 40),
(1347, 51, 5101, 5101040, 40),
(1348, 51, 5102, 5102010, 40),
(1349, 51, 5102, 5102011, 40),
(1350, 51, 5102, 5102012, 40),
(1351, 51, 5102, 5102020, 40),
(1352, 51, 5102, 5102030, 40),
(1353, 51, 5102, 5102040, 40),
(1354, 51, 5102, 5102050, 40),
(1355, 51, 5102, 5102060, 40),
(1356, 51, 5102, 5102070, 40),
(1357, 51, 5102, 5102080, 40),
(1358, 51, 5103, 5103010, 40),
(1359, 51, 5103, 5103020, 40),
(1360, 51, 5103, 5103030, 40),
(1361, 51, 5103, 5103040, 40),
(1362, 51, 5103, 5103050, 40),
(1363, 51, 5103, 5103060, 40),
(1364, 51, 5104, 5104010, 40),
(1365, 51, 5104, 5104020, 40),
(1366, 51, 5104, 5104030, 40),
(1367, 51, 5104, 5104040, 40),
(1368, 51, 5104, 5104050, 40),
(1369, 51, 5104, 5104060, 40),
(1370, 51, 5104, 5104070, 40),
(1371, 51, 5105, 5105010, 40),
(1372, 51, 5105, 5105020, 40),
(1373, 51, 5105, 5105030, 40),
(1374, 51, 5105, 5105040, 40),
(1375, 51, 5106, 5106010, 40),
(1376, 51, 5106, 5106020, 40),
(1377, 51, 5106, 5106030, 40),
(1378, 51, 5106, 5106040, 40),
(1379, 51, 5107, 5107010, 40),
(1380, 51, 5107, 5107020, 40),
(1381, 51, 5107, 5107030, 40),
(1382, 51, 5107, 5107040, 40),
(1383, 51, 5107, 5107050, 40),
(1384, 51, 5107, 5107060, 40),
(1385, 51, 5107, 5107070, 40),
(1386, 51, 5107, 5107080, 40),
(1387, 51, 5108, 5108010, 40),
(1388, 51, 5108, 5108020, 40),
(1389, 51, 5108, 5108030, 40),
(1390, 51, 5108, 5108040, 40),
(1391, 51, 5108, 5108050, 40),
(1392, 51, 5108, 5108060, 40),
(1393, 51, 5108, 5108070, 40),
(1394, 51, 5108, 5108080, 40),
(1395, 51, 5108, 5108090, 40),
(1396, 51, 5171, 5171010, 40),
(1397, 51, 5171, 5171020, 40),
(1398, 51, 5171, 5171030, 40),
(1399, 51, 5171, 5171031, 40),
(1400, 33, 3322, 3322151, 18);

-- --------------------------------------------------------

--
-- Table structure for table `mengajar`
--

CREATE TABLE `mengajar` (
  `id_mengajar` int(9) NOT NULL,
  `id_penari` int(6) NOT NULL,
  `mata_pelajaran` varchar(40) NOT NULL,
  `fee` int(15) NOT NULL,
  `id_kategori_tari` int(3) NOT NULL,
  `jumlah_pertemuan` int(3) NOT NULL,
  `detail` text NOT NULL
) ENGINE=InnoDB DEFAULT CHARSET=latin1;

--
-- Dumping data for table `mengajar`
--

INSERT INTO `mengajar` (`id_mengajar`, `id_penari`, `mata_pelajaran`, `fee`, `id_kategori_tari`, `jumlah_pertemuan`, `detail`) VALUES
(1, 34, 'Tari Trunajaya', 20000, 4, 5, 'Tari Trunajaya berasal dari kata Teruna. Kata itu diambil dari kata pemuda yang ditemukan dari hasil kreasi Pan Wandres dalam perjalanannya dan disempurnakan oleh I Gde Manik.\r\nTarian ini menceritakan tentang seorang laki-laki yang ingin memikat wanita, terlihat dari setiap gerakan tarinya yang tegas dimana antar kaki diberi jarak seperti kuda-kuda. Walau begitu, seiring dengan perkembangan zaman tarian ini tidak hanya dibawa oleh laki-laki. Perempuan pun dapat ikut serta, bahkan oleh 2 orang sekaligus.\r\nBila di telaah, sang penari selalu membelalakan matanya dan dengan tegas menggerak-gerakan tariannya, berkesan menyeramkan namun hal ini untuk menunjukan kejantanan pria. Tarian ini biasanya selalu diiringi musik gamelan Gong Kebyar, dapat dipentaskan dimana saja karena bertujuan untuk hiburan saja.'),
(2, 34, 'Tari Barong', 25000, 4, 4, 'Barong, dari katanya saja mirip dengan Barongsai ya? Tapi tarian ini bukan dari negara China. Indonesia sendiri memiliki tari Barong yang diwariskan jauh hari sebelum keberadaan agama Hindu.\r\nTarian ini menceritakan tentang perseteruan antara kebajikan yang disimbolkan dengan barong, dan kejahatan yang digambarkan dengan sosok rangda.\r\nTarian ini biasa ditarikan oleh 2 orang laki  laki, yang satu memainkan bagian kepala dan yang lain berada di bagian ekor. Badan Barong yang digunakan untuk menari pada umumnya terbuat dari bahan kulit dan berhiaskan ukiran  ukiran khas Bali yang dilengkapi dengan ornament potongan kaca cermin sehingga membuatnya Nampak berkilau. Bulu barong terbuat dari serat ijuk, meski ada pula yang terbuat dari bulu burung gagak. Sedangkan untuk bagian topeng, biasanya dibuat dari kayu yang tumbuh di tempat yang dianggap keramat atau angker. Tarian ini diiringi oleh gamelan Gong Kebyar, gamelan Batel dan gamelan Babarongan.'),
(3, 34, 'Tari Legong', 30000, 4, 5, 'Pada masa kerajaan Bali, tarian ini hanya ditampilkan di lingkungan keraton. Kata Legong sendiri berasal dari asal kata Leg yang memiliki arti luwes serta gong yang dapat diartikan sebagai gamelan. Oleh sebab itulah, tarian ini memiliki gerakan yang lemah gemulai yang diiringi dengan gamelan tradisional khas Bali bernama Semar Pegulingan. Selain itu, para penari yang memainkan Legong menggunakan kipas, kecuali tokoh Condong.'),
(4, 34, 'Tari Kecak', 35000, 4, 4, 'Tari Kecak adalah tarian adat Bali yang sudah sangat terkenal dan telah menjadi salah salah pertunjukan khas yang diburu para wisatawan. Tarian ini menceritakan epic Ramayana dan rata-rata semua penarinya adalah laki  laki. Jumlah penari yang membawakan Tari Kecak bisa berjumlah puluhan bahkan lebih.'),
(5, 35, 'Tari Pendet', 13000, 4, 8, 'Tari Pendet bisa disebut sebagai bentuk penyambutan atas turunnya para dewa ke dunia. Seiring dengan berjalannya waktu, para seniman tari di pulau Bali mengubah tarian tersebut menjadi sebuah tarian selamat datang.'),
(6, 35, 'Tari Baris', 50000, 3, 4, 'Tari Baris adalah salah satu tarian adat Bali yang awalnya merupakan satu bentuk ritual, namun seiring dengan zaman tari ini menjadi tari hiburan. Tari Baris diciptakan pada pertengahan abad ke-16.\r\n\r\nDi dalam tarian ini, penari menggerakan badannya seperti seorang pahlawan yang sedang berperang, tari ini dipertontonkan tentang keberanian para ksatria Bali yang sedang bertempur demi membela Raja.\r\n\r\nTarian ini juga biasa dibawakan oleh paling sedikit 8 hingga paling banyak 40 laki-laki. Perlengkapan kostum untuk tari ini adalah badog, lamak, awir, baju beludru, celana panjang, dan lain-lain, seperti ksatria lengkap dengan hiasan kepala, punggung dan dada. Namun, kostum penari yang dikenakan di setiap daerah di Bali bisa berbeda  beda karena setiap daerah memiliki Tari Baris khas sendiri  sendiri. Tarian ini termasuk ke dalam tarian keramat sehingga hanya dibawakan saat adanya perayaan  perayaan khusus dan upacara suci.'),
(7, 35, 'Tari Panji Semirang', 50000, 2, 6, 'Tarian ini diciptakan oleh seniman bernama I Nyoman Kaler pada tahun 1942. Tarian Panji Semirang dianggap sebuah tari pertunjukan, yang demonstrasikan diluar pura.\r\n\r\nTarian ini menceritakan tentang seorang putri bernama Galuh Candrakirana yang sedang mengembara dan menyamar sebagai laki  laki dengan nama Raden Panji. Pengembaraan tersebut dilakukan sang putri setelah dirinya kehilangan sang suami. Biasanya ditarikan oleh penari wanita yang berperan sebagai laki  laki.'),
(8, 35, 'Tari Puspanjali', 60000, 3, 4, 'Puspanjali adalah sebuah tarian adat Bali yang merupakan satu bentuk penyambutan. Puspanjali merupakan gabungan dari arti kata puspa dan anjali dimana bila disatukan menghormati bagai bunga. Maknanya menghormati para tamu bagai sekuntum bunga.\r\n\r\nTarian ini ditampilkan oleh sekelompok penari wanita berjumlah 5 hingga 7 orang. Tarian ini terinspirasi dari tarian  tarian yang dibawakan pada upacara Rejang yang menggambarkan sekelompok wanita yang senang dengan kedatangan para tamu yang mampir ke daerah mereka.'),
(9, 36, 'Tari Cokek', 150000, 1, 2, 'Tari Cokek merupakan tarian tradisional yang berasal dari budaya Betawi. Selain dari Betawi, tarian ini juga seringkali dijumpai di kawasan Tangerang. Karena tarian ini merupakan hasil gesekan antara budaya Betawi, Banten, dan Cina. Tari Cokek telah ada sejak abad ke-19 di daerah Teluknaga, Tangerang yang dibawa oleh seorang saudagar Cina yang bernama Tan Sio Kek.\r\n\r\nAwal kemunculannya, Tari Cokek ini dimainkan oleh tiga para penari perempuan. Sekarang, pertunjukan Tari Cokek sering kali dimainkan oleh lima orang penari perempuan dan beberapa orang laki laki sebagai para pemain musik yang sebagian ikut mengiringi tarian wanita ini. Sehelai selendang yang terikat pada pinggang penari perempuan merupakan salah satu dari ornamen pakaian utama para penari wanita yang dipadu kebaya warna mencolok. Selendang ini bernama cokek.'),
(10, 36, 'Tari Renggong Manis', 30000, 3, 5, 'Tari Renggong Manis merupakan hasil dari kawin silang budaya, yakni Tari Renggong Manis. Tarian yang merupakan ungkapan dari kebahagiaan dan juga rasa kebersamaan para remaja putri ini merupakan perpaduan diantara budaya Betawi, Arab, India, dan juga budaya Cina Klasik. Tidak heran jika melihat banyaknya pengaruh dari budaya luar yang masuk ke dalam budaya Betawi, mengingat letak Provinsi Jakarta dan adanya pelabuhan Sunda Kelapa sendiri yang merupakan sebuah pintu menuju Indonesia di masa lampau.\r\nTari Renggong Manis ini biasanya dimainkan dalam acara-acara resmi. Biasanya akan ditampilkan pertama sebelum memasuki acara utama, yaitu sebagai media penyambutan para tamu. Kebahagiaan tuan rumah atas kedatangan para tamunya diasosiasikan dengan keceriaan dari Tari Renggong Manis tersebut.'),
(11, 36, 'Tari Topeng Betawi', 30000, 4, 5, 'Tari Topeng Betawi adalah salah satu tarian tradisional masyarakat betawi di Jakarta yang memakai topeng sebagai ciri khasnya. Tari Topeng Betawi ini merupakan perpaduan antara musik, seni tari, dan nyanyian. Seperti pertunjukan teater atau opera, para penari menari dengan diiringi suara musik dan nyanyian. Tari Topeng Betawi ini lebih bersifat teatrikal dan juga komunikatif lewat gerakan.'),
(12, 37, 'Tari Yapong', 30000, 2, 6, 'Tarian ini merupakan tarian jenis tarian kontemporer yang melambangkan suka cita dan pergaulan masyarakat. Tarian Yapong kerap di pentaskan di berbagai macam acara atau pesta rakyat di DKI Jakarta. Menurut sejarahnya, Tari Yapong ini di mulai pada tahun 1977 pada saat acara ulang tahun kota Jakarta ke-450. Ketika itu acara yang di selenggarakan mengangkat tema mengenai perjuangan Pangeran Jayakarta dan mempercayakannya kepada seniman besar bernama "Bagong Kussudiarjo" sebagai penyelenggara acara tersebut. Dalam menyiapkan acara tersebut, Bagong melakukan penelitian terlebih dahulu mengenai kehidupan masyarakat Betawi.'),
(13, 38, 'Tari Bedhaya Ketawang', 20000, 4, 6, 'Tari Bedhaya Ketawang mengandung arti di setiap masing-masing kata. bedhaya yang artinya penari wanita dan ketawang artinya langit. Bila disatukan Bedhaya Ketawang ini mengandung arti penari wanita dari istana langit.\r\nBusana para penari pun biasanya menggunakan pengantin adat Jawa, dimana para penari menggunakan gelung besar, dan aksesoris-aksesoris Jawa berupa centhung, sisir jeram saajar, tiba dhadha, garudha mungkur, dan cundhuk mentul. Para penaripun diusahakan tidak dalam keadaan haid.\r\nMusik yang dimainkan untuk mengiringi tarian ini biasanya Gending Ketawang Gedge, bisa juga dengan gamelan.'),
(14, 38, 'Tari Gambyong', 130000, 3, 3, 'Tari Gambyong berasal dari daerah Surakarta. Awalnya, tarian ini hanya sebuah tarian rakyat dan diadakan ketika memasuki musim panen padi. Sekarang, tarian tersebut diadakan saat acara sakral dan sebagai penghormatan pada tamu.\r\nUntuk jumlah penari tidak disyaratkan, namun untuk kostum yang biasa digunakan adalah kostum kemben yang sebahu dilengkapi dengan selendang. Pada dasarnya tarian ini sangat identik dengan warna kuning dan hijau. Namun seiring zaman, warna pun tidak menjadi patokan.\r\nMusik pengiring tarian ini biasanya gamelan seperti Gong, kenong, gambang dan kendang.'),
(15, 38, 'Tari Bondan Payung', 15000, 2, 5, 'Tarian ini menceritakan tentang seorang ibu yang menyayangi anaknya. Sehingga tariannya pun terbilang simpel. Ciri khas tarian ini adalah  para penari yang selalu membawa payung, boneka bayi dan kendi.\r\nostum yang digunakan untuk tarian ini adalah pakaian adat Jawa. Seiring dengan zaman tari bondan pun dibagi menjadi 2, yaitu tari bondan mardisiwi, bondan tani dan bondan cindogo.\r\nMusik yang digunakan adalah Gending.'),
(16, 38, 'Tari Serimpi', 15000, 4, 5, 'Tarian ini biasanya ditarikan dengan 4 anggota penari wanita, hal ini menandakan unsur api, air, angin dan bumi. Namun seiring dengan zaman jumlah penaripun terkadang menjadi 5 anggota.\r\nPakaian yang digunakan untuk penari Serimpi adalah pakaian yang biasa digunakan pengantin putri keraton. Sedangkan musik yang digunakan adalah gamelan.\r\n'),
(17, 39, 'Tari Ebeg atau Kuda Lumping', 15000, 4, 6, 'Tarian tradisional selanjutnya adalah tari ebeg atau tari yang biasa menggunakan boneka kuda.\r\nTarian ini tidak menunjukan tarian pada umumnya seperti tarian yang lemah gemulai.\r\nTarian ini tidak usah belajar, hanya melenggak lenggok mengikuti alur musik. Ada beberapa syarat yang harus disediakan selama pertunjukkan ini seperti sesaji dan menyan. Hal ini diharuskan karena para penari kemungkinan akan kerasukan mahkluk halus dan memakan barang-barang sekitar.\r\nMusik yang melatar belakangi tarian ini adalah gamelan banyumasan, bendhe dan gendhing.'),
(18, 39, 'Kethek Ogleng', 15000, 3, 7, 'Tarian tradisional yang satu ini bernama Kethek Ogleng berasal dari bahasa Jawa yang bila diartikan kethek adalah kera. Sedangkan Ogleng diambil dari suara bunyi yang melatar belakangi tarian ini yang seperti berbunyi Ogleeeng Ogleeeng\r\nTari Kethek Ogleng berasal dari Wonogiri, Jawa Tengah. Asal usulnya tarian ini menceritakan Raden Gunung Sari yang menjelma menjadi kera, dan berusaha mengelabui musuhnya.\r\nMaka dari itu, penarinya pun selalu bertopeng kera dan menirukan gerakan-gerakan kera, tidak ada gerakan khusus untuk tarian ini, penari hanya menikmati aluran musik dan menari layaknya seekor kera.\r\nBiasanya penari Kethek Ogleng akan mengajak salah seorang penonton untuk berjoget bareng.'),
(19, 39, 'Sintren', 20000, 3, 6, 'Sintren berasal dari Cirebon, menyebar ke berbagai daerah hingga Jawa Barat. Tarian ini berbau mistis, menceritakan tentang kisah cinta Sulasih dan Sulandono.\r\n\r\nAsal muasalnya tarian ini dibuat ketika Bupati Kendal menikah dengan Dewi Rantamsari yang biasa dijuluki Dewi Lanjar. Namun pasangan itu tidak direstui oleh Ki Bahureksi. Akhirnya mereka berdua berpisah, Sulandono menjadi petapa sedangkan Sulasih menjadi penari. Walaupun begitu, konon katanya mereka berdua masih bertemu di alam gaib.\r\nTarian ini sangat mistis sekali, bahkan sebelum pertunjukan, harus diawali terlebih dahulu dengan Dupan atau ritual berdoa.\r\nNamun katanya, tarian ini mulai tenggelam dan tidak lagi dipentaskan.\r\n'),
(20, 39, 'Tari Jlantur', 30000, 2, 6, 'Tari Jlantur berasal dari Boyolali. Biasanya dimainkan oleh 40 orang penari laki-laki. Sedikit info yang saya dapat tentang tarian ini, hal ini mungkin sudah kurangnya minat orang-orang untuk melestarikan budaya Tari Jlantur.\r\nSejarahnya, ternyata tarian ini menggambarkan perjuangan kisah Pangeran Diponegoro yang melawan para penjajah.\r\nMenurut beberapa sumber, penari Tari Jlantur selalu menggunakan ikat kepala seperti gaya Tukri dengan membawa kuda tiruan.'),
(21, 40, 'Tari Criping', 20000, 4, 5, 'Tari Criping adalah tari khas yang keren, ayo belajar bareng saya, nanti nyesel lho kalo nggak, hehe'),
(22, 18, 'tari ronggeng', 15000, 4, 20, 'tari ronggeng');

-- --------------------------------------------------------

--
-- Table structure for table `pelajaran`
--

CREATE TABLE `pelajaran` (
  `id_pelajaran` int(3) NOT NULL,
  `nama_pelajaran` varchar(60) NOT NULL,
  `keterangan` text NOT NULL
) ENGINE=InnoDB DEFAULT CHARSET=latin1;

--
-- Dumping data for table `pelajaran`
--

INSERT INTO `pelajaran` (`id_pelajaran`, `nama_pelajaran`, `keterangan`) VALUES
(1, 'tari modern', 'subuh\r\n\r\n                            '),
(2, 'kekfe', 'idid          \r\n        '),
(4, 'jefje', 'kdkede          \r\n        '),
(5, 'kwdwdn', 'kdked          \r\n        '),
(6, 'odoef', 'ndcndc          \r\n        '),
(7, 'mdmwdm', 'ndcndcn          \r\n        ');

-- --------------------------------------------------------

--
-- Table structure for table `pembayaran_les`
--

CREATE TABLE `pembayaran_les` (
  `id_pembayaran_les` int(10) NOT NULL,
  `id_pesan_les` int(10) NOT NULL,
  `id_rekening_tujuan` int(2) NOT NULL,
  `id_admin` int(4) NOT NULL,
  `bukti_pembayaran` varchar(200) NOT NULL,
  `maks_pembayaran` datetime NOT NULL,
  `jumlah_bayar` int(10) NOT NULL,
  `status_pembayaran` varchar(20) NOT NULL
) ENGINE=InnoDB DEFAULT CHARSET=latin1;

--
-- Dumping data for table `pembayaran_les`
--

INSERT INTO `pembayaran_les` (`id_pembayaran_les`, `id_pesan_les`, `id_rekening_tujuan`, `id_admin`, `bukti_pembayaran`, `maks_pembayaran`, `jumlah_bayar`, `status_pembayaran`) VALUES
(1, 1, 2, 8, 'a83us2i6r4.jpg', '2018-02-13 15:21:02', 180000, 'verified');

-- --------------------------------------------------------

--
-- Table structure for table `pembayaran_pertunjukan`
--

CREATE TABLE `pembayaran_pertunjukan` (
  `id_pembayaran_pertunjukan` int(10) NOT NULL,
  `id_pesan_pertunjukan` int(10) NOT NULL,
  `total_bayar` int(10) NOT NULL,
  `id_rekening` int(2) NOT NULL,
  `bukti_transaksi` varchar(100) NOT NULL,
  `status_pembayaran` varchar(20) NOT NULL,
  `maks_pembayaran` datetime NOT NULL,
  `id_admin` int(5) NOT NULL
) ENGINE=InnoDB DEFAULT CHARSET=latin1;

--
-- Dumping data for table `pembayaran_pertunjukan`
--

INSERT INTO `pembayaran_pertunjukan` (`id_pembayaran_pertunjukan`, `id_pesan_pertunjukan`, `total_bayar`, `id_rekening`, `bukti_transaksi`, `status_pembayaran`, `maks_pembayaran`, `id_admin`) VALUES
(1, 1, 500000, 1, 't23n21ej6l.jpg', 'verified', '2018-02-13 15:48:47', 8);

-- --------------------------------------------------------

--
-- Table structure for table `penari`
--

CREATE TABLE `penari` (
  `id_penari` int(5) NOT NULL,
  `nama_lengkap` varchar(30) NOT NULL,
  `email` varchar(30) NOT NULL,
  `nohp` varchar(15) NOT NULL,
  `password` varchar(40) NOT NULL,
  `jenis_kelamin` varchar(30) NOT NULL,
  `alamat` text NOT NULL,
  `tentang_saya` text NOT NULL,
  `nomor_ktp` varchar(30) NOT NULL,
  `nama_bank` varchar(30) NOT NULL,
  `nomor_rekening` varchar(30) NOT NULL,
  `nama_pemilik_rekening` varchar(40) NOT NULL,
  `tanggal_lahir` date DEFAULT NULL,
  `foto` varchar(30) NOT NULL
) ENGINE=InnoDB DEFAULT CHARSET=latin1;

--
-- Dumping data for table `penari`
--

INSERT INTO `penari` (`id_penari`, `nama_lengkap`, `email`, `nohp`, `password`, `jenis_kelamin`, `alamat`, `tentang_saya`, `nomor_ktp`, `nama_bank`, `nomor_rekening`, `nama_pemilik_rekening`, `tanggal_lahir`, `foto`) VALUES
(1, 'kfvk', 'kdk@kfkf.grkgr', '9283', '095326a40cc7e7471f1elestari', 'Laki-Laki', '', '', '', '', '', '', NULL, ''),
(2, 'jdj', 'jdj@kfr.rgkrg', '38', '1271728bd5c6140e28f7lestari', 'Laki-Laki', '', '', '', '', '', '', NULL, ''),
(3, 'jdj', 'jdj@kfr.rgkrg', '38', '1271728bd5c6140e28f7lestari', 'Laki-Laki', '', '', '', '', '', '', NULL, ''),
(4, 'djdj', 'jdj@krf.rgj', '938', 'd90747e1259b800edc51lestari', 'Laki-Laki', '', '', '', '', '', '', NULL, ''),
(5, 'djdj', 'jdj@krf.rgj', '938', 'd90747e1259b800edc51lestari', 'Laki-Laki', '', '', '', '', '', '', NULL, ''),
(6, 'djdj', 'jdj@krf.rgj', '938', 'd90747e1259b800edc51lestari', 'Laki-Laki', '', '', '', '', '', '', NULL, ''),
(7, 'djdj', 'jdj@krf.rgj', '938', 'd90747e1259b800edc51lestari', 'Laki-Laki', '', '', '', '', '', '', NULL, ''),
(8, 'djdj', 'jdj@krf.rgj', '938', 'd90747e1259b800edc51lestari', 'Laki-Laki', '', '', '', '', '', '', NULL, ''),
(9, 'djdj', 'jdj@krf.rgj', '938', 'd90747e1259b800edc51lestari', 'Laki-Laki', '', '', '', '', '', '', NULL, ''),
(10, 'djdj', 'jdj@krf.rgj', '938', 'd90747e1259b800edc51lestari', 'Laki-Laki', '', '', '', '', '', '', NULL, ''),
(11, 'djdj', 'jdj@krf.rgj', '938', 'd90747e1259b800edc51lestari', 'Laki-Laki', '', '', '', '', '', '', NULL, ''),
(12, 'djdj', 'jdj@krf.rgj', '938', 'd90747e1259b800edc51lestari', 'Laki-Laki', '', '', '', '', '', '', NULL, ''),
(13, 'jfejf', 'kdk@krkg.rgkr', '92948', '7709ad2fd62fe7b762ealestari', 'Laki-Laki', '', '', '', '', '', '', NULL, ''),
(14, 'jfejf', 'kdk@krkg.rgkr', '92948', '7709ad2fd62fe7b762ealestari', 'Laki-Laki', '', '', '', '', '', '', NULL, ''),
(15, 'jfejf', 'kdk@krkg.rgkr', '92948', '7709ad2fd62fe7b762ealestari', 'Laki-Laki', '', '', '', '', '', '', NULL, ''),
(16, 'jfejf', 'kdk@krkg.rgkr', '92948', '7709ad2fd62fe7b762ealestari', 'Laki-Laki', '', '', '', '', '', '', NULL, ''),
(18, 'Siti Nur Azizah', 'minhajulmubarok@gmail.com', '085726772962', 'b0d3fb50aa283ecf17b5lestari', 'Laki-Laki', '                                                                                                                                                                                                                                                                                                                                                                                                                                                                                                                                                                                                ksksk                                                                                lsls                                  \r\n                                  \r\n                                  \r\n                                  \r\n                                  \r\n                                  \r\n                                  \r\n                                  \r\n                                  \r\n                                  \r\n                                  \r\n                                  \r\n                                  \r\n                                  \r\n                                  \r\n                                  \r\n                                  \r\n                                  \r\n                                  \r\n                                  \r\n                                  \r\n                                  \r\n                                  \r\n                                  \r\n                                  \r\n                                  \r\n                                  \r\n                                  \r\n                                  \r\n                                  \r\n                                  \r\n                                  \r\n                                  \r\n                                  \r\n                                  \r\n                                  \r\n                                  \r\n                                  \r\n                                  \r\n                                  \r\n                                  \r\n                                  \r\n                ', 'Saya adalah orang yang kalem dalam berbicara dan bertindak', '99999', '020202', '9292', 'jdjd', '1998-04-06', 'm3e83l21l2.jpg'),
(19, 'kfkwk', 'kkrk@krk.gkgk', '929', '', 'Perempuan', 'jejf ejej                  \r\n                ', 'mcmcmcm                  \r\n                ', '222', 'jeje', '2222', 'ldldl', '0000-00-00', '332jla42i6.jpg'),
(20, 'jfejf', '9292@kfk.fkrk', '222', '', 'Laki-Laki', 'kdkd                  \r\n                ', '1djdjdj                  \r\n                ', '2929', 'jdjd', '222', 'jdjd', '0000-00-00', '32n<31>2si.jpg'),
(21, 'khkt', 'kek@lglt.mgm', '2222', '', 'Laki-Laki', 'mdmd                  \r\n                ', 'mfmcm                  \r\n                ', '333', 'kek', '222', 'kdkdk', '0000-00-00', 'sje<i86l22.png'),
(22, 'jfj', 'jdj@kfk.mvm', '939', '', 'Laki-Laki', 'jwjwj                  \r\n                ', 'ndndn                  \r\n                ', '1222', 'jdjd', '2222', 'oooooooooo', '0000-00-00', 'e2i3iun3s1.png'),
(23, 'kfke', 'kdk@kfkr.gkgk', '9393', '', 'Laki-Laki', 'jdjd                  \r\n                ', 'jejak                  \r\n                ', '222', 'jdjd', '1222', 'mdmdm', '0000-00-00', '31js2a6l4<.png'),
(24, 'kfke', 'ksk@oor.kfke', '0199', '', 'Laki-Laki', 'idiooooo                  \r\n                ', 'ksksksk                  \r\n                ', '0000999', 'kdkdk', '2229', 'jdjd', '0000-00-00', '621ri38jnh.png'),
(25, 'ieif', 'ooo@llr.gjr', '0202', '', 'Laki-Laki', 'kdkkd                  \r\n                ', 'ododod                  \r\n                ', '9292', 'kdkdk', '21111111', 'kdkdkk', '0000-00-00', '1>2rlu3a3<.png'),
(26, 'pqpqp', 'odoo@krkfr.kgkr', '02939', '', 'Laki-Laki', 'kdkdk                  \r\n                ', 'mvmvm                  \r\n                ', '2222', 'oeod', '222', 'kdkd', '0000-00-00', 's3h23il2tj.png'),
(27, 'jgjg', 'jdj@krgk.grj', '92838', '', 'Laki-Laki', 'jdjx                  \r\n                ', 'jdjd                  \r\n                ', '2983', 'jcjef', '133444444', 'jedje', '0000-00-00', 'e42hj8t<n2.png'),
(28, 'jdjwd', 'udu@krkrf.efjefj', '3939', '', 'Laki-Laki', 'jdjd                  \r\n                ', 'nexdnedn                  \r\n                ', '1929', 'jdjd', '19292', 'ncnd', '0000-00-00', 'litu3>2342.png'),
(29, 'jdejf', 'iedie@jrfrf.cjcj', '92929', '', 'Laki-Laki', 'kdkd                  \r\n                ', 'ncndncd                  \r\n                ', '2939', 'jdjdej', '92929', 'mxmxm', '0000-00-00', 'iala1tr2ln.png'),
(30, 'kwkdk', 'iwid@kdkc.cvjrj', '199', '', 'Laki-Laki', 'ksksk                  \r\n                ', 'mxmxmxm                  \r\n                ', '9393', 'kdjcjd', '012992', 'kxdekxk', '0000-00-00', '4u>22133ea.png'),
(31, 'gtjgj', 'jrjf@krk.frkr', '93939', '', 'Laki-Laki', 'kdekxmefk                  \r\n                ', '                  \r\n                ', '1', '', '', '', '0000-00-00', '8thr3a1ulj.png'),
(32, 'jfjrfj', 'kekfk@jrfjr.ejejf', '9128', '', 'Laki-Laki', 'iwdiwdi                  \r\n                ', 'jxnncej                  \r\n                ', '28839', 'jdjwdj', '92929', 'jdjdejd', '0000-00-00', '832aih1un2.png'),
(33, 'aksk', 'ooo@ooo.ooo', '000', '7f94dd413148ff9ac9e9lestari', 'Laki-Laki', '', '', '', '', '', '', NULL, ''),
(34, 'Nur Yanti', 'aa1@gmail.com', '085726772962', 'b0d3fb50aa283ecf17b5lestari', 'Perempuan', 'Desa sambongpayak Rt:02 Rw:01', 'Nama saya Nur Yanti.  Orang-orang yang kenal saya biasanya memanggil saya Nur.  Saya asli Indonesia dan suka sekali dengan budaya Indonesia. Kecintaan terhadap budaya Indonesia tumbuh pertama kali sejak tahun 2008. Dari yang hanya suka membaca hingga mempelajari seni dan tarian tarian tradisional.', '02384999999', 'BNI', '129400000', 'Nur Vita', '1998-04-06', '4j8t313ea2.jpg'),
(35, 'Putri Aida Nur Kurniati', 'aa2@gmail.com', '085726772962', 'b0d3fb50aa283ecf17b5lestari', 'Perempuan', 'Desa sekaran', 'Namaku Putri Aida. Lahir di Solo. Hobi olahraga dan menggambar. Mendalami seni seni tarian tradisional terutama tarian Jawa tengah.', '91288349999999', 'BRI', '19992039999999', 'Putri Aida', '1998-04-06', 'ij31hu3812.jpg'),
(36, 'Sri Hartatik', 'aa3@gmail.com', '085726772962', 'b0d3fb50aa283ecf17b5lestari', 'Perempuan', 'Desa sekaran', 'Nama saya Sri Hartatik Telah mendalami tarian tarian tradisional nusantara sejak kecil karena ayah saya sendiri juga seorang guru seni. Tari yang paling saya gemari adalah tarian-tarian tunggal yang menggunakan gamelan sebagai pengiring musiknya. Pernah menjuarai beberapa lomba tari kelompok se-provinsi.', '3361292833899', 'Mandiri', '129309999999', 'Sri Hartatik', '1993-04-02', 'el421a3jmt.jpg'),
(37, 'Metrika Indra Buana', 'aa4@gmail.com', '085726772962', 'b0d3fb50aa283ecf17b5lestari', 'Perempuan', 'Desa Banyubiru', 'Nama saya Metrika Indra Buana Sering dipanggil dengan Tika Salah satu lulusan sekolah Tari di daerah jawa barat. Sedang fokus dengan tari tari sunda.', '3361292833899', 'MANDIRI', '12334959993999', 'Metrika Inda', '1970-01-01', 'ul4m2jiir3.jpg'),
(38, 'Novi Dian Lestari', 'aa5@gmail.com', '085726772962', 'b0d3fb50aa283ecf17b5lestari', 'Perempuan', 'Desa Sumberjo', 'Nama saya Novi Dian Lestari Saya mahasiswa dari Universitas Negeri Semarang jurusan Pendidikan Seni Tari. Saya berasal dari daerah kudus. Saya telah tertarik dengan tarian tarian tradisional Indonesia seperti tari serimpi, tari gambyong, dan lainnya. Saya bercita cita dapat mendirikan sekolah tari milik saya sendiri suatu saat nanti.', '12949901', 'BRI', '1293048585969', 'Novi Dian Lestari', '1970-01-01', 's3la13j8l2.jpg'),
(39, 'Dyah Novalia', 'aa6@gmail.com', '086726772962', 'b0d3fb50aa283ecf17b5lestari', 'Perempuan', 'Desa Dorokandang', 'Nama saya Dyah Novalia Saya sedang menjalankan studi di jurusan tari pada Institut Seni Indonesia Jogja. Lebih tertarik pada tari-tari pada pagelaran sendratari seperti sendratari ramayana. Pernah menjalani les tari sejak sd sampai lulus smp di daerah Jogja.', '128894950399', 'BRI', '1283948495999', 'Dyah novalia', '1970-01-01', '3i1r6llmn2.jpg'),
(40, 'Erma Nurul Fitriana', 'aa7@gmail.com', '085726772962', 'b0d3fb50aa283ecf17b5lestari', 'Perempuan', 'Desa sekaran kecamatan gunungpati kota semarang, kos gang rambutan depan kelurahan sekaran', 'Menari sudah menjadi passion saya sejak kecil. saya suka menari, menggerakkan tubuh adalah keindahan yang sejati. mari merubah dunia dengan seni tari tradisional. saya suka tari-tarian Indonesia.', '33600019293849', 'BRI', '1394859399', 'Moh Mi', '1992-04-10', 'a3nt6842ih.jpg'),
(41, 'Yulianti Karomah', 'aa8@gmail.com', '085726772962', 'b0d3fb50aa283ecf17b5lestari', 'Perempuan', '', '', '', '', '', '', NULL, ''),
(42, 'Laili Ulfiati', 'aa9@gmail.com', '085726772962', 'b0d3fb50aa283ecf17b5lestari', 'Laki-Laki', '', '', '', '', '', '', NULL, ''),
(43, 'Angela Hardhitasari', 'aa10@gmail.com', '085726772962', 'b0d3fb50aa283ecf17b5lestari', 'Perempuan', '', '', '', '', '', '', NULL, '');

-- --------------------------------------------------------

--
-- Table structure for table `pertunjukan`
--

CREATE TABLE `pertunjukan` (
  `id_pertunjukan` int(10) NOT NULL,
  `nama_pertunjukan` varchar(50) NOT NULL,
  `detail_pertunjukan` text NOT NULL,
  `fee` int(20) NOT NULL,
  `video_pertunjukan` varchar(100) NOT NULL,
  `id_kategori_tari` int(11) NOT NULL,
  `id_penari` int(10) NOT NULL
) ENGINE=InnoDB DEFAULT CHARSET=latin1;

--
-- Dumping data for table `pertunjukan`
--

INSERT INTO `pertunjukan` (`id_pertunjukan`, `nama_pertunjukan`, `detail_pertunjukan`, `fee`, `video_pertunjukan`, `id_kategori_tari`, `id_penari`) VALUES
(1, 'Tari Trunajaya', 'Tari Trunajaya berasal dari kata Teruna. Kata itu diambil dari kata pemuda yang ditemukan dari hasil kreasi Pan Wandres dalam perjalanannya dan disempurnakan oleh I Gde Manik.\r\nTarian ini menceritakan tentang seorang laki-laki yang ingin memikat wanita, terlihat dari setiap gerakan tarinya yang tegas dimana antar kaki diberi jarak seperti kuda-kuda. Walau begitu, seiring dengan perkembangan zaman tarian ini tidak hanya dibawa oleh laki-laki. Perempuan pun dapat ikut serta, bahkan oleh 2 orang sekaligus.\r\nBila di telaah, sang penari selalu membelalakan matanya dan dengan tegas menggerak-gerakan tariannya, berkesan menyeramkan namun hal ini untuk menunjukan kejantanan pria. Tarian ini biasanya selalu diiringi musik gamelan Gong Kebyar, dapat dipentaskan dimana saja karena bertujuan untuk hiburan saja.', 500000, 't3l28a332j.mp4', 4, 34),
(2, 'Tari Barong', 'Barong, dari katanya saja mirip dengan Barongsai ya? Tapi tarian ini bukan dari negara China. Indonesia sendiri memiliki tari Barong yang diwariskan jauh hari sebelum keberadaan agama Hindu.\r\nTarian ini menceritakan tentang perseteruan antara kebajikan yang disimbolkan dengan barong, dan kejahatan yang digambarkan dengan sosok rangda.\r\nTarian ini biasa ditarikan oleh 2 orang laki  laki, yang satu memainkan bagian kepala dan yang lain berada di bagian ekor. Badan Barong yang digunakan untuk menari pada umumnya terbuat dari bahan kulit dan berhiaskan ukiran  ukiran khas Bali yang dilengkapi dengan ornament potongan kaca cermin sehingga membuatnya Nampak berkilau. Bulu barong terbuat dari serat ijuk, meski ada pula yang terbuat dari bulu burung gagak. Sedangkan untuk bagian topeng, biasanya dibuat dari kayu yang tumbuh di tempat yang dianggap keramat atau angker. Tarian ini diiringi oleh gamelan Gong Kebyar, gamelan Batel dan gamelan Babarongan.', 700000, 'sn1i3223m3.mp4', 4, 34),
(3, 'Tari Legong', 'Pada masa kerajaan Bali, tarian ini hanya ditampilkan di lingkungan keraton. Kata Legong sendiri berasal dari asal kata Leg yang memiliki arti luwes serta gong yang dapat diartikan sebagai gamelan. Oleh sebab itulah, tarian ini memiliki gerakan yang lemah gemulai yang diiringi dengan gamelan tradisional khas Bali bernama Semar Pegulingan. Selain itu, para penari yang memainkan Legong menggunakan kipas, kecuali tokoh Condong.', 1000000, 'ei3i3l32ha.mp4', 3, 35),
(4, 'Tari Topeng Betawi', 'Tari Topeng Betawi adalah salah satu tarian tradisional masyarakat betawi di Jakarta yang memakai topeng sebagai ciri khasnya. Tari Topeng Betawi ini merupakan perpaduan antara musik, seni tari, dan nyanyian. Seperti pertunjukan teater atau opera, para penari menari dengan diiringi suara musik dan nyanyian. Tari Topeng Betawi ini lebih bersifat teatrikal dan juga komunikatif lewat gerakan.\r\n\r\nDalam pertunjukannya, tarian ini diawali dengan lagu yang diiringi oleh musik pengiring. Setelah itu para penari keluar sambil menari dengan menggunakan topeng. Gerakan yang dilakukan para penari tergantung pada tema yang dibawakan. Tema yang dibawakan dalam tarian ini tergolong variatif diantaranya adalah cerita legenda, kritik sosial, kehidupan masyarakat, dan cerita klasik lainnya. Tari Topeng Betawi ini merupakan tarian yang bersifat teatrikal. Sehingga ada pesan yang disampaikan melalui gerakan para penari dalam menari. ', 800000, 'l2tesiilam.mp4', 1, 36),
(5, 'Tari Zapin Betawi', 'Tarian ini merupakan campuran dari tarian Melayu yang dipengaruhi oleh kebudayaan Arab. Kata Zapin pada tarian ini berasal dari bahasa arab, yakni zafana yang artinya adalah bertandak atau berjoget atau menari. Tari Zapin ini termasuk ke dalam tari pergaulan. Hal tersebut diperkuat dengan berbagai keterangan yang dapat dilihat dari ciri-ciri penampilannya, seperti adanya unsur improvisasi, spontanitas dan ke tidak formalan, terutama pada segi pemakaian kostum dan tidak adanya aturan yang mengikat, baik itu segi koreografinya, seperti ketentuan komposisi tari maupun dari segi musik pengiringnya. Dalam pertunjukannya, umumnya tidak ada jarak diantara penari dan penonton. Para penonton bebas untuk tampil bebas di arena sebagai penari.\r\n', 1000000, '3ts23a6ula.mp4', 1, 37),
(6, 'Tari Beksan Wireng', 'Tari Beksan Wireng adalah tari yang berasal dari Jawa Tengah dan diciptakan oleh Prabu Amiluhur.\r\nTujuan diciptakannya tarian ini untuk menyemangati 4 prajurit perang yang saat itu yang sedang berlatih. Hal ini terlihat dengan gerakan-gerakan para penari yang gagah perkasa sedang membawa tombak dan tameng. Karena tarian ini memang mengandung tema perang.\r\nDengan berkembangnya zaman, tarian ini terbagi menjadi 6 jenis yaitu Panji Sepuh, Panju Anem, Dhadap Kanoman, Jemparing Ageng, Lhawung Ageng dan Dhadhap Kreta.\r\nBiasanya tarian ini ditarikan oleh laki-laki dan menggunakan kostum bak seorang prajurit.', 2000000, 'ajlimirnsh.mp4', 3, 38),
(7, 'Tari Ronggeng', 'Tari Ronggeng berasal dari Jawa, penciptanya Endang Caturwati. Sampai sekarang tari ronggeng dibudayakan hingga turun temurun. Tema tarian ini berbeda dengan tarian lain, tari ronggeng ditarikan oleh wanita, gerakannya pun berkesan agresif mendekati eksotis\r\n\r\nTari ini memiliki ciri khas dalam gerakannya yang lebih sensual dan pandai menarik libido para lelaki.\r\n\r\nAsal muasalnya, tari ini dibuat untuk upacara meminta kesuburan tanah. Namun, karena terkait dengan kesuburan, mengartikannya salah. Hingga akhirnya gerakan dalam tarian ini mirip orang yang sedang bercinta. Namun seiring dengan zaman, tarian ini mulai dikurangi unsur eksotisnya.\r\n\r\nAlat musik yang melatari adalah rebab dan gong.', 40000, '1a3jh24elr.mp4', 2, 39),
(8, 'Tari Criping', 'Tari Criping adalah tari tradisional yang keren, kamu nggak akan kuat kalo belajar sendirian, sama aku aja, hehe', 500000, 'ut33n23e11.mp4', 4, 40);

-- --------------------------------------------------------

--
-- Table structure for table `pesan_les`
--

CREATE TABLE `pesan_les` (
  `id_pesan_les` int(10) NOT NULL,
  `id_mengajar` int(10) NOT NULL,
  `durasi_per_pertemuan` int(2) NOT NULL,
  `jumlah_pertemuan_minimal` int(2) NOT NULL,
  `pesan` text NOT NULL,
  `tanggal_pertemuan_pertama` date NOT NULL,
  `waktu_pertemuan_pertama` varchar(30) NOT NULL,
  `id_client` int(10) NOT NULL,
  `tanggal_pesan` datetime NOT NULL,
  `alamat_lengkap` text NOT NULL,
  `id_provinsi` int(10) NOT NULL,
  `id_kabupaten` int(10) NOT NULL,
  `id_kecamatan` int(10) NOT NULL,
  `status_pesan` varchar(20) NOT NULL
) ENGINE=InnoDB DEFAULT CHARSET=latin1;

--
-- Dumping data for table `pesan_les`
--

INSERT INTO `pesan_les` (`id_pesan_les`, `id_mengajar`, `durasi_per_pertemuan`, `jumlah_pertemuan_minimal`, `pesan`, `tanggal_pertemuan_pertama`, `waktu_pertemuan_pertama`, `id_client`, `tanggal_pesan`, `alamat_lengkap`, `id_provinsi`, `id_kabupaten`, `id_kecamatan`, `status_pesan`) VALUES
(1, 15, 2, 6, 'saya mau pesan ya mbak, ajari saya dengan baik yaaa', '2018-02-16', 'Siang (14:00 - 18:00)', 5, '2018-02-12 15:21:02', 'desa sekaran kecamatan gunungpati gang rambutan depan kelurahan sekaran', 33, 3374, 3374020, 'selesai');

-- --------------------------------------------------------

--
-- Table structure for table `pesan_pertunjukan`
--

CREATE TABLE `pesan_pertunjukan` (
  `id_pesan_pertunjukan` int(10) NOT NULL,
  `id_client` int(10) NOT NULL,
  `id_pertunjukan` int(10) NOT NULL,
  `tanggal_acara` date NOT NULL,
  `waktu_pesan` datetime NOT NULL,
  `status_pesan` varchar(20) NOT NULL,
  `alamat_lengkap` text NOT NULL,
  `id_provinsi` int(10) NOT NULL,
  `id_kabupaten` int(10) NOT NULL,
  `id_kecamatan` int(10) NOT NULL
) ENGINE=InnoDB DEFAULT CHARSET=latin1;

--
-- Dumping data for table `pesan_pertunjukan`
--

INSERT INTO `pesan_pertunjukan` (`id_pesan_pertunjukan`, `id_client`, `id_pertunjukan`, `tanggal_acara`, `waktu_pesan`, `status_pesan`, `alamat_lengkap`, `id_provinsi`, `id_kabupaten`, `id_kecamatan`) VALUES
(1, 5, 8, '2018-02-24', '2018-02-12 15:48:47', 'selesai', 'desa sekaran kecamatan gunungpati depan kelurahan sekaran.', 33, 3374, 3374020);

-- --------------------------------------------------------

--
-- Table structure for table `provinces`
--

CREATE TABLE `provinces` (
  `id` char(2) COLLATE utf8_unicode_ci NOT NULL,
  `name` varchar(255) COLLATE utf8_unicode_ci NOT NULL
) ENGINE=InnoDB DEFAULT CHARSET=utf8 COLLATE=utf8_unicode_ci;

--
-- Dumping data for table `provinces`
--

INSERT INTO `provinces` (`id`, `name`) VALUES
('11', 'ACEH'),
('12', 'SUMATERA UTARA'),
('13', 'SUMATERA BARAT'),
('14', 'RIAU'),
('15', 'JAMBI'),
('16', 'SUMATERA SELATAN'),
('17', 'BENGKULU'),
('18', 'LAMPUNG'),
('19', 'KEPULAUAN BANGKA BELITUNG'),
('21', 'KEPULAUAN RIAU'),
('31', 'DKI JAKARTA'),
('32', 'JAWA BARAT'),
('33', 'JAWA TENGAH'),
('34', 'DI YOGYAKARTA'),
('35', 'JAWA TIMUR'),
('36', 'BANTEN'),
('51', 'BALI'),
('52', 'NUSA TENGGARA BARAT'),
('53', 'NUSA TENGGARA TIMUR'),
('61', 'KALIMANTAN BARAT'),
('62', 'KALIMANTAN TENGAH'),
('63', 'KALIMANTAN SELATAN'),
('64', 'KALIMANTAN TIMUR'),
('65', 'KALIMANTAN UTARA'),
('71', 'SULAWESI UTARA'),
('72', 'SULAWESI TENGAH'),
('73', 'SULAWESI SELATAN'),
('74', 'SULAWESI TENGGARA'),
('75', 'GORONTALO'),
('76', 'SULAWESI BARAT'),
('81', 'MALUKU'),
('82', 'MALUKU UTARA'),
('91', 'PAPUA BARAT'),
('94', 'PAPUA');

-- --------------------------------------------------------

--
-- Table structure for table `regencies`
--

CREATE TABLE `regencies` (
  `id` char(4) COLLATE utf8_unicode_ci NOT NULL,
  `province_id` char(2) COLLATE utf8_unicode_ci NOT NULL,
  `name` varchar(255) COLLATE utf8_unicode_ci NOT NULL
) ENGINE=InnoDB DEFAULT CHARSET=utf8 COLLATE=utf8_unicode_ci;

--
-- Dumping data for table `regencies`
--

INSERT INTO `regencies` (`id`, `province_id`, `name`) VALUES
('3101', '31', 'KABUPATEN KEPULAUAN SERIBU'),
('3171', '31', 'KOTA JAKARTA SELATAN'),
('3172', '31', 'KOTA JAKARTA TIMUR'),
('3173', '31', 'KOTA JAKARTA PUSAT'),
('3174', '31', 'KOTA JAKARTA BARAT'),
('3175', '31', 'KOTA JAKARTA UTARA'),
('3301', '33', 'KABUPATEN CILACAP'),
('3302', '33', 'KABUPATEN BANYUMAS'),
('3303', '33', 'KABUPATEN PURBALINGGA'),
('3304', '33', 'KABUPATEN BANJARNEGARA'),
('3305', '33', 'KABUPATEN KEBUMEN'),
('3306', '33', 'KABUPATEN PURWOREJO'),
('3307', '33', 'KABUPATEN WONOSOBO'),
('3308', '33', 'KABUPATEN MAGELANG'),
('3309', '33', 'KABUPATEN BOYOLALI'),
('3310', '33', 'KABUPATEN KLATEN'),
('3311', '33', 'KABUPATEN SUKOHARJO'),
('3312', '33', 'KABUPATEN WONOGIRI'),
('3313', '33', 'KABUPATEN KARANGANYAR'),
('3314', '33', 'KABUPATEN SRAGEN'),
('3315', '33', 'KABUPATEN GROBOGAN'),
('3316', '33', 'KABUPATEN BLORA'),
('3317', '33', 'KABUPATEN REMBANG'),
('3318', '33', 'KABUPATEN PATI'),
('3319', '33', 'KABUPATEN KUDUS'),
('3320', '33', 'KABUPATEN JEPARA'),
('3321', '33', 'KABUPATEN DEMAK'),
('3322', '33', 'KABUPATEN SEMARANG'),
('3323', '33', 'KABUPATEN TEMANGGUNG'),
('3324', '33', 'KABUPATEN KENDAL'),
('3325', '33', 'KABUPATEN BATANG'),
('3326', '33', 'KABUPATEN PEKALONGAN'),
('3327', '33', 'KABUPATEN PEMALANG'),
('3328', '33', 'KABUPATEN TEGAL'),
('3329', '33', 'KABUPATEN BREBES'),
('3371', '33', 'KOTA MAGELANG'),
('3372', '33', 'KOTA SURAKARTA'),
('3373', '33', 'KOTA SALATIGA'),
('3374', '33', 'KOTA SEMARANG'),
('3375', '33', 'KOTA PEKALONGAN'),
('3376', '33', 'KOTA TEGAL'),
('5101', '51', 'KABUPATEN JEMBRANA'),
('5102', '51', 'KABUPATEN TABANAN'),
('5103', '51', 'KABUPATEN BADUNG'),
('5104', '51', 'KABUPATEN GIANYAR'),
('5105', '51', 'KABUPATEN KLUNGKUNG'),
('5106', '51', 'KABUPATEN BANGLI'),
('5107', '51', 'KABUPATEN KARANG ASEM'),
('5108', '51', 'KABUPATEN BULELENG'),
('5171', '51', 'KOTA DENPASAR');

-- --------------------------------------------------------

--
-- Table structure for table `rekening`
--

CREATE TABLE `rekening` (
  `id_rekening` int(2) NOT NULL,
  `nama_bank` varchar(30) NOT NULL,
  `nama_pemilik_rekening` varchar(40) NOT NULL,
  `nomor_rekening` varchar(40) NOT NULL,
  `logo` varchar(15) NOT NULL
) ENGINE=InnoDB DEFAULT CHARSET=latin1;

--
-- Dumping data for table `rekening`
--

INSERT INTO `rekening` (`id_rekening`, `nama_bank`, `nama_pemilik_rekening`, `nomor_rekening`, `logo`) VALUES
(1, 'BNI', 'PT LesTari Indonesia', '6036-01-018157-53-4', 'bni.jpeg'),
(2, 'MANDIRI', 'PT LesTari Indonesia', '6036-01-018157-53-4', 'mandiri.png'),
(3, 'BRI', 'PT LesTari Indonesia', '6036-01-018157-53-4', 'bri.jpg');

-- --------------------------------------------------------

--
-- Table structure for table `users`
--

CREATE TABLE `users` (
  `id_users` int(5) NOT NULL,
  `nama_lengkap` varchar(50) NOT NULL,
  `ttl` date NOT NULL,
  `email` varchar(40) NOT NULL,
  `nohp` varchar(16) NOT NULL,
  `password` varchar(40) NOT NULL,
  `jenis_kelamin` varchar(15) NOT NULL,
  `alamat` text NOT NULL,
  `tentang_saya` text NOT NULL,
  `foto` varchar(100) NOT NULL
) ENGINE=InnoDB DEFAULT CHARSET=latin1;

--
-- Dumping data for table `users`
--

INSERT INTO `users` (`id_users`, `nama_lengkap`, `ttl`, `email`, `nohp`, `password`, `jenis_kelamin`, `alamat`, `tentang_saya`, `foto`) VALUES
(2, 'jdjw', '1998-01-02', 'mdmd@krgk.grgk', '399', '80a31991b9ba3e860c68lestari', '', '', '', ''),
(3, 'jfjr', '2091-12-09', 'jfj@krk.rg', '34', '7709ad2fd62fe7b762ealestari', '', '', '', ''),
(4, 'Moh Minhajul M', '1998-04-06', 'jsj@jgj.tgtj', '344', '16616e2aa7c46d79cc4flestari', '', '', '', ''),
(5, 'Moh Minhajul Mubarok', '1998-06-04', 'minhajulmubarok@gmail.com', '085726772962', 'b0d3fb50aa283ecf17b5lestari', 'Laki-Laki', 'Desa sambongpayak Rt:02 Rw:01 Kec Gunem Kabupaten Rembang                                                                                                                                                             ', 'saya hobi dengan menari dan saya ingin belajar menari', 'ml143ha3jn.jpg'),
(6, 'Hesti Putri Pratiwi', '1998-04-06', 'hestiputri@gmail.com', '085726772962', 'b0d3fb50aa283ecf17b5lestari', 'Perempuan', 'Semarang Tembalang Jl Diponegoro Nomor 99 ', 'Saya Suka menari sejak Kecil. hobi saya adalah menari dan itu berlanjut sampai sekarang. entah kalau sore, tunggu aja.', '3114ar8mjn.jpg'),
(7, 'sutiah Miranda', '1998-02-03', 'sutiah@gmail.com', '085726772962', 'b0d3fb50aa283ecf17b5lestari', '', '', '', '');

--
-- Indexes for dumped tables
--

--
-- Indexes for table `admin`
--
ALTER TABLE `admin`
  ADD PRIMARY KEY (`id_admin`);

--
-- Indexes for table `districts`
--
ALTER TABLE `districts`
  ADD PRIMARY KEY (`id`),
  ADD KEY `districts_id_index` (`regency_id`);

--
-- Indexes for table `kategori_tari`
--
ALTER TABLE `kategori_tari`
  ADD PRIMARY KEY (`id_kategori_tari`);

--
-- Indexes for table `lokasi_mengajar`
--
ALTER TABLE `lokasi_mengajar`
  ADD PRIMARY KEY (`id_lokasi_mengajar`);

--
-- Indexes for table `mengajar`
--
ALTER TABLE `mengajar`
  ADD PRIMARY KEY (`id_mengajar`);

--
-- Indexes for table `pelajaran`
--
ALTER TABLE `pelajaran`
  ADD PRIMARY KEY (`id_pelajaran`);

--
-- Indexes for table `pembayaran_les`
--
ALTER TABLE `pembayaran_les`
  ADD PRIMARY KEY (`id_pembayaran_les`);

--
-- Indexes for table `pembayaran_pertunjukan`
--
ALTER TABLE `pembayaran_pertunjukan`
  ADD PRIMARY KEY (`id_pembayaran_pertunjukan`);

--
-- Indexes for table `penari`
--
ALTER TABLE `penari`
  ADD PRIMARY KEY (`id_penari`);

--
-- Indexes for table `pertunjukan`
--
ALTER TABLE `pertunjukan`
  ADD PRIMARY KEY (`id_pertunjukan`);

--
-- Indexes for table `pesan_les`
--
ALTER TABLE `pesan_les`
  ADD PRIMARY KEY (`id_pesan_les`);

--
-- Indexes for table `pesan_pertunjukan`
--
ALTER TABLE `pesan_pertunjukan`
  ADD PRIMARY KEY (`id_pesan_pertunjukan`);

--
-- Indexes for table `provinces`
--
ALTER TABLE `provinces`
  ADD PRIMARY KEY (`id`);

--
-- Indexes for table `regencies`
--
ALTER TABLE `regencies`
  ADD PRIMARY KEY (`id`),
  ADD KEY `regencies_province_id_index` (`province_id`);

--
-- Indexes for table `rekening`
--
ALTER TABLE `rekening`
  ADD PRIMARY KEY (`id_rekening`);

--
-- Indexes for table `users`
--
ALTER TABLE `users`
  ADD PRIMARY KEY (`id_users`);

--
-- AUTO_INCREMENT for dumped tables
--

--
-- AUTO_INCREMENT for table `admin`
--
ALTER TABLE `admin`
  MODIFY `id_admin` int(3) NOT NULL AUTO_INCREMENT, AUTO_INCREMENT=9;
--
-- AUTO_INCREMENT for table `kategori_tari`
--
ALTER TABLE `kategori_tari`
  MODIFY `id_kategori_tari` int(2) NOT NULL AUTO_INCREMENT, AUTO_INCREMENT=5;
--
-- AUTO_INCREMENT for table `lokasi_mengajar`
--
ALTER TABLE `lokasi_mengajar`
  MODIFY `id_lokasi_mengajar` int(10) NOT NULL AUTO_INCREMENT, AUTO_INCREMENT=1401;
--
-- AUTO_INCREMENT for table `mengajar`
--
ALTER TABLE `mengajar`
  MODIFY `id_mengajar` int(9) NOT NULL AUTO_INCREMENT, AUTO_INCREMENT=23;
--
-- AUTO_INCREMENT for table `pelajaran`
--
ALTER TABLE `pelajaran`
  MODIFY `id_pelajaran` int(3) NOT NULL AUTO_INCREMENT, AUTO_INCREMENT=8;
--
-- AUTO_INCREMENT for table `pembayaran_les`
--
ALTER TABLE `pembayaran_les`
  MODIFY `id_pembayaran_les` int(10) NOT NULL AUTO_INCREMENT, AUTO_INCREMENT=2;
--
-- AUTO_INCREMENT for table `pembayaran_pertunjukan`
--
ALTER TABLE `pembayaran_pertunjukan`
  MODIFY `id_pembayaran_pertunjukan` int(10) NOT NULL AUTO_INCREMENT, AUTO_INCREMENT=2;
--
-- AUTO_INCREMENT for table `penari`
--
ALTER TABLE `penari`
  MODIFY `id_penari` int(5) NOT NULL AUTO_INCREMENT, AUTO_INCREMENT=44;
--
-- AUTO_INCREMENT for table `pertunjukan`
--
ALTER TABLE `pertunjukan`
  MODIFY `id_pertunjukan` int(10) NOT NULL AUTO_INCREMENT, AUTO_INCREMENT=9;
--
-- AUTO_INCREMENT for table `pesan_les`
--
ALTER TABLE `pesan_les`
  MODIFY `id_pesan_les` int(10) NOT NULL AUTO_INCREMENT, AUTO_INCREMENT=2;
--
-- AUTO_INCREMENT for table `pesan_pertunjukan`
--
ALTER TABLE `pesan_pertunjukan`
  MODIFY `id_pesan_pertunjukan` int(10) NOT NULL AUTO_INCREMENT, AUTO_INCREMENT=2;
--
-- AUTO_INCREMENT for table `rekening`
--
ALTER TABLE `rekening`
  MODIFY `id_rekening` int(2) NOT NULL AUTO_INCREMENT, AUTO_INCREMENT=4;
--
-- AUTO_INCREMENT for table `users`
--
ALTER TABLE `users`
  MODIFY `id_users` int(5) NOT NULL AUTO_INCREMENT, AUTO_INCREMENT=8;
--
-- Constraints for dumped tables
--

--
-- Constraints for table `districts`
--
ALTER TABLE `districts`
  ADD CONSTRAINT `districts_regency_id_foreign` FOREIGN KEY (`regency_id`) REFERENCES `regencies` (`id`);

--
-- Constraints for table `regencies`
--
ALTER TABLE `regencies`
  ADD CONSTRAINT `regencies_province_id_foreign` FOREIGN KEY (`province_id`) REFERENCES `provinces` (`id`);

/*!40101 SET CHARACTER_SET_CLIENT=@OLD_CHARACTER_SET_CLIENT */;
/*!40101 SET CHARACTER_SET_RESULTS=@OLD_CHARACTER_SET_RESULTS */;
/*!40101 SET COLLATION_CONNECTION=@OLD_COLLATION_CONNECTION */;
